2025-10-12T23:56:45.491+0200 [DEBUG] [org.gradle.launcher.daemon.bootstrap.DaemonMain] Assuming the daemon was started with following jvm opts: [-XX:MaxMetaspaceSize=384m, -XX:+HeapDumpOnOutOfMemoryError, -Xms256m, -Xmx512m, -Dfile.encoding=UTF-8, -Duser.country=FR, -Duser.language=fr, -Duser.variant]
2025-10-12T23:56:45.739+0200 [DEBUG] [org.gradle.internal.remote.internal.inet.InetAddresses] Adding IP addresses for network interface VirtualBox Host-Only Ethernet Adapter-WFP Native MAC Layer LightWeight Filter-0000
2025-10-12T23:56:45.739+0200 [DEBUG] [org.gradle.internal.remote.internal.inet.InetAddresses] Is this a loopback interface? false
2025-10-12T23:56:45.740+0200 [DEBUG] [org.gradle.internal.remote.internal.inet.InetAddresses] Adding IP addresses for network interface Realtek PCIe GbE Family Controller-WFP Native MAC Layer LightWeight Filter-0000
2025-10-12T23:56:45.741+0200 [DEBUG] [org.gradle.internal.remote.internal.inet.InetAddresses] Is this a loopback interface? false
2025-10-12T23:56:45.741+0200 [DEBUG] [org.gradle.internal.remote.internal.inet.InetAddresses] Adding IP addresses for network interface Realtek PCIe GbE Family Controller-VirtualBox NDIS Light-Weight Filter-0000
2025-10-12T23:56:45.742+0200 [DEBUG] [org.gradle.internal.remote.internal.inet.InetAddresses] Is this a loopback interface? false
2025-10-12T23:56:45.742+0200 [DEBUG] [org.gradle.internal.remote.internal.inet.InetAddresses] Adding IP addresses for network interface Realtek PCIe GbE Family Controller-QoS Packet Scheduler-0000
2025-10-12T23:56:45.743+0200 [DEBUG] [org.gradle.internal.remote.internal.inet.InetAddresses] Is this a loopback interface? false
2025-10-12T23:56:45.744+0200 [DEBUG] [org.gradle.internal.remote.internal.inet.InetAddresses] Adding IP addresses for network interface Realtek PCIe GbE Family Controller-WFP 802.3 MAC Layer LightWeight Filter-0000
2025-10-12T23:56:45.744+0200 [DEBUG] [org.gradle.internal.remote.internal.inet.InetAddresses] Is this a loopback interface? false
2025-10-12T23:56:45.745+0200 [DEBUG] [org.gradle.internal.remote.internal.inet.InetAddresses] Adding IP addresses for network interface VirtualBox Host-Only Ethernet Adapter-QoS Packet Scheduler-0000
2025-10-12T23:56:45.745+0200 [DEBUG] [org.gradle.internal.remote.internal.inet.InetAddresses] Is this a loopback interface? false
2025-10-12T23:56:45.745+0200 [DEBUG] [org.gradle.internal.remote.internal.inet.InetAddresses] Adding IP addresses for network interface VirtualBox Host-Only Ethernet Adapter-WFP 802.3 MAC Layer LightWeight Filter-0000
2025-10-12T23:56:45.745+0200 [DEBUG] [org.gradle.internal.remote.internal.inet.InetAddresses] Is this a loopback interface? false
2025-10-12T23:56:45.745+0200 [DEBUG] [org.gradle.internal.remote.internal.inet.InetAddresses] Adding IP addresses for network interface WAN Miniport (IP)-WFP Native MAC Layer LightWeight Filter-0000
2025-10-12T23:56:45.746+0200 [DEBUG] [org.gradle.internal.remote.internal.inet.InetAddresses] Is this a loopback interface? false
2025-10-12T23:56:45.746+0200 [DEBUG] [org.gradle.internal.remote.internal.inet.InetAddresses] Adding IP addresses for network interface WAN Miniport (IP)-QoS Packet Scheduler-0000
2025-10-12T23:56:45.746+0200 [DEBUG] [org.gradle.internal.remote.internal.inet.InetAddresses] Is this a loopback interface? false
2025-10-12T23:56:45.746+0200 [DEBUG] [org.gradle.internal.remote.internal.inet.InetAddresses] Adding IP addresses for network interface WAN Miniport (IPv6)-WFP Native MAC Layer LightWeight Filter-0000
2025-10-12T23:56:45.747+0200 [DEBUG] [org.gradle.internal.remote.internal.inet.InetAddresses] Is this a loopback interface? false
2025-10-12T23:56:45.747+0200 [DEBUG] [org.gradle.internal.remote.internal.inet.InetAddresses] Adding IP addresses for network interface WAN Miniport (IPv6)-QoS Packet Scheduler-0000
2025-10-12T23:56:45.747+0200 [DEBUG] [org.gradle.internal.remote.internal.inet.InetAddresses] Is this a loopback interface? false
2025-10-12T23:56:45.747+0200 [DEBUG] [org.gradle.internal.remote.internal.inet.InetAddresses] Adding IP addresses for network interface WAN Miniport (Network Monitor)-WFP Native MAC Layer LightWeight Filter-0000
2025-10-12T23:56:45.748+0200 [DEBUG] [org.gradle.internal.remote.internal.inet.InetAddresses] Is this a loopback interface? false
2025-10-12T23:56:45.748+0200 [DEBUG] [org.gradle.internal.remote.internal.inet.InetAddresses] Adding IP addresses for network interface WAN Miniport (Network Monitor)-QoS Packet Scheduler-0000
2025-10-12T23:56:45.748+0200 [DEBUG] [org.gradle.internal.remote.internal.inet.InetAddresses] Is this a loopback interface? false
2025-10-12T23:56:45.748+0200 [DEBUG] [org.gradle.internal.remote.internal.inet.InetAddresses] Adding IP addresses for network interface Microsoft Kernel Debug Network Adapter
2025-10-12T23:56:45.748+0200 [DEBUG] [org.gradle.internal.remote.internal.inet.InetAddresses] Is this a loopback interface? false
2025-10-12T23:56:45.748+0200 [DEBUG] [org.gradle.internal.remote.internal.inet.InetAddresses] Adding IP addresses for network interface Realtek PCIe GbE Family Controller
2025-10-12T23:56:45.749+0200 [DEBUG] [org.gradle.internal.remote.internal.inet.InetAddresses] Is this a loopback interface? false
2025-10-12T23:56:45.749+0200 [DEBUG] [org.gradle.internal.remote.internal.inet.InetAddresses] Adding IP addresses for network interface WAN Miniport (IP)
2025-10-12T23:56:45.750+0200 [DEBUG] [org.gradle.internal.remote.internal.inet.InetAddresses] Is this a loopback interface? false
2025-10-12T23:56:45.750+0200 [DEBUG] [org.gradle.internal.remote.internal.inet.InetAddresses] Adding IP addresses for network interface WAN Miniport (IPv6)
2025-10-12T23:56:45.750+0200 [DEBUG] [org.gradle.internal.remote.internal.inet.InetAddresses] Is this a loopback interface? false
2025-10-12T23:56:45.750+0200 [DEBUG] [org.gradle.internal.remote.internal.inet.InetAddresses] Adding IP addresses for network interface WAN Miniport (Network Monitor)
2025-10-12T23:56:45.751+0200 [DEBUG] [org.gradle.internal.remote.internal.inet.InetAddresses] Is this a loopback interface? false
2025-10-12T23:56:45.751+0200 [DEBUG] [org.gradle.internal.remote.internal.inet.InetAddresses] Adding IP addresses for network interface VirtualBox Host-Only Ethernet Adapter
2025-10-12T23:56:45.751+0200 [DEBUG] [org.gradle.internal.remote.internal.inet.InetAddresses] Is this a loopback interface? false
2025-10-12T23:56:45.751+0200 [DEBUG] [org.gradle.internal.remote.internal.inet.InetAddresses] Adding remote address /fe80:0:0:0:f66c:5cfc:50a1:cfcc%ethernet_32773
2025-10-12T23:56:45.751+0200 [DEBUG] [org.gradle.internal.remote.internal.inet.InetAddresses] Adding remote address /192.168.56.1
2025-10-12T23:56:45.752+0200 [DEBUG] [org.gradle.internal.remote.internal.inet.InetAddresses] Adding IP addresses for network interface Apple Mobile Device Ethernet
2025-10-12T23:56:45.752+0200 [DEBUG] [org.gradle.internal.remote.internal.inet.InetAddresses] Is this a loopback interface? false
2025-10-12T23:56:45.752+0200 [DEBUG] [org.gradle.internal.remote.internal.inet.InetAddresses] Adding IP addresses for network interface Apple Mobile Device Ethernet #2
2025-10-12T23:56:45.752+0200 [DEBUG] [org.gradle.internal.remote.internal.inet.InetAddresses] Is this a loopback interface? false
2025-10-12T23:56:45.752+0200 [DEBUG] [org.gradle.internal.remote.internal.inet.InetAddresses] Adding IP addresses for network interface Apple Mobile Device Ethernet #3
2025-10-12T23:56:45.752+0200 [DEBUG] [org.gradle.internal.remote.internal.inet.InetAddresses] Is this a loopback interface? false
2025-10-12T23:56:45.753+0200 [DEBUG] [org.gradle.internal.remote.internal.inet.InetAddresses] Adding IP addresses for network interface WAN Miniport (PPPOE)
2025-10-12T23:56:45.753+0200 [DEBUG] [org.gradle.internal.remote.internal.inet.InetAddresses] Is this a loopback interface? false
2025-10-12T23:56:45.753+0200 [DEBUG] [org.gradle.internal.remote.internal.inet.InetAddresses] Adding IP addresses for network interface RAS Async Adapter
2025-10-12T23:56:45.753+0200 [DEBUG] [org.gradle.internal.remote.internal.inet.InetAddresses] Is this a loopback interface? false
2025-10-12T23:56:45.753+0200 [DEBUG] [org.gradle.internal.remote.internal.inet.InetAddresses] Adding IP addresses for network interface Software Loopback Interface 1
2025-10-12T23:56:45.753+0200 [DEBUG] [org.gradle.internal.remote.internal.inet.InetAddresses] Is this a loopback interface? true
2025-10-12T23:56:45.754+0200 [DEBUG] [org.gradle.internal.remote.internal.inet.InetAddresses] Adding loopback address /0:0:0:0:0:0:0:1
2025-10-12T23:56:45.754+0200 [DEBUG] [org.gradle.internal.remote.internal.inet.InetAddresses] Adding loopback address /127.0.0.1
2025-10-12T23:56:45.754+0200 [DEBUG] [org.gradle.internal.remote.internal.inet.InetAddresses] Adding IP addresses for network interface Windscribe VPN-WFP Native MAC Layer LightWeight Filter-0000
2025-10-12T23:56:45.754+0200 [DEBUG] [org.gradle.internal.remote.internal.inet.InetAddresses] Is this a loopback interface? false
2025-10-12T23:56:45.754+0200 [DEBUG] [org.gradle.internal.remote.internal.inet.InetAddresses] Adding IP addresses for network interface TAP-Windows Adapter V9-WFP Native MAC Layer LightWeight Filter-0000
2025-10-12T23:56:45.755+0200 [DEBUG] [org.gradle.internal.remote.internal.inet.InetAddresses] Is this a loopback interface? false
2025-10-12T23:56:45.755+0200 [DEBUG] [org.gradle.internal.remote.internal.inet.InetAddresses] Adding IP addresses for network interface TAP-Windows Adapter V9-VirtualBox NDIS Light-Weight Filter-0000
2025-10-12T23:56:45.755+0200 [DEBUG] [org.gradle.internal.remote.internal.inet.InetAddresses] Is this a loopback interface? false
2025-10-12T23:56:45.755+0200 [DEBUG] [org.gradle.internal.remote.internal.inet.InetAddresses] Adding IP addresses for network interface Windscribe VPN-VirtualBox NDIS Light-Weight Filter-0000
2025-10-12T23:56:45.755+0200 [DEBUG] [org.gradle.internal.remote.internal.inet.InetAddresses] Is this a loopback interface? false
2025-10-12T23:56:45.756+0200 [DEBUG] [org.gradle.internal.remote.internal.inet.InetAddresses] Adding IP addresses for network interface TAP-Windows Adapter V9-QoS Packet Scheduler-0000
2025-10-12T23:56:45.756+0200 [DEBUG] [org.gradle.internal.remote.internal.inet.InetAddresses] Is this a loopback interface? false
2025-10-12T23:56:45.757+0200 [DEBUG] [org.gradle.internal.remote.internal.inet.InetAddresses] Adding IP addresses for network interface TAP-Windows Adapter V9-WFP 802.3 MAC Layer LightWeight Filter-0000
2025-10-12T23:56:45.757+0200 [DEBUG] [org.gradle.internal.remote.internal.inet.InetAddresses] Is this a loopback interface? false
2025-10-12T23:56:45.757+0200 [DEBUG] [org.gradle.internal.remote.internal.inet.InetAddresses] Adding IP addresses for network interface Windscribe VPN-QoS Packet Scheduler-0000
2025-10-12T23:56:45.757+0200 [DEBUG] [org.gradle.internal.remote.internal.inet.InetAddresses] Is this a loopback interface? false
2025-10-12T23:56:45.757+0200 [DEBUG] [org.gradle.internal.remote.internal.inet.InetAddresses] Adding IP addresses for network interface Windscribe VPN-WFP 802.3 MAC Layer LightWeight Filter-0000
2025-10-12T23:56:45.757+0200 [DEBUG] [org.gradle.internal.remote.internal.inet.InetAddresses] Is this a loopback interface? false
2025-10-12T23:56:45.758+0200 [DEBUG] [org.gradle.internal.remote.internal.inet.InetAddresses] Adding IP addresses for network interface Windscribe VPN
2025-10-12T23:56:45.758+0200 [DEBUG] [org.gradle.internal.remote.internal.inet.InetAddresses] Is this a loopback interface? false
2025-10-12T23:56:45.758+0200 [DEBUG] [org.gradle.internal.remote.internal.inet.InetAddresses] Adding IP addresses for network interface Windscribe Windtun420
2025-10-12T23:56:45.758+0200 [DEBUG] [org.gradle.internal.remote.internal.inet.InetAddresses] Is this a loopback interface? false
2025-10-12T23:56:45.758+0200 [DEBUG] [org.gradle.internal.remote.internal.inet.InetAddresses] Adding IP addresses for network interface TAP-Windows Adapter V9
2025-10-12T23:56:45.758+0200 [DEBUG] [org.gradle.internal.remote.internal.inet.InetAddresses] Is this a loopback interface? false
2025-10-12T23:56:45.759+0200 [DEBUG] [org.gradle.internal.remote.internal.inet.InetAddresses] Adding IP addresses for network interface TP-Link Wireless N PCI Express Adapter-WFP Native MAC Layer LightWeight Filter-0000
2025-10-12T23:56:45.759+0200 [DEBUG] [org.gradle.internal.remote.internal.inet.InetAddresses] Is this a loopback interface? false
2025-10-12T23:56:45.759+0200 [DEBUG] [org.gradle.internal.remote.internal.inet.InetAddresses] Adding IP addresses for network interface TP-Link Wireless N PCI Express Adapter-Virtual WiFi Filter Driver-0000
2025-10-12T23:56:45.759+0200 [DEBUG] [org.gradle.internal.remote.internal.inet.InetAddresses] Is this a loopback interface? false
2025-10-12T23:56:45.759+0200 [DEBUG] [org.gradle.internal.remote.internal.inet.InetAddresses] Adding IP addresses for network interface TP-Link Wireless N PCI Express Adapter-Native WiFi Filter Driver-0000
2025-10-12T23:56:45.759+0200 [DEBUG] [org.gradle.internal.remote.internal.inet.InetAddresses] Is this a loopback interface? false
2025-10-12T23:56:45.759+0200 [DEBUG] [org.gradle.internal.remote.internal.inet.InetAddresses] Adding IP addresses for network interface TP-Link Wireless N PCI Express Adapter-VirtualBox NDIS Light-Weight Filter-0000
2025-10-12T23:56:45.760+0200 [DEBUG] [org.gradle.internal.remote.internal.inet.InetAddresses] Is this a loopback interface? false
2025-10-12T23:56:45.760+0200 [DEBUG] [org.gradle.internal.remote.internal.inet.InetAddresses] Adding IP addresses for network interface TP-Link Wireless N PCI Express Adapter-QoS Packet Scheduler-0000
2025-10-12T23:56:45.760+0200 [DEBUG] [org.gradle.internal.remote.internal.inet.InetAddresses] Is this a loopback interface? false
2025-10-12T23:56:45.760+0200 [DEBUG] [org.gradle.internal.remote.internal.inet.InetAddresses] Adding IP addresses for network interface TP-Link Wireless N PCI Express Adapter-WFP 802.3 MAC Layer LightWeight Filter-0000
2025-10-12T23:56:45.760+0200 [DEBUG] [org.gradle.internal.remote.internal.inet.InetAddresses] Is this a loopback interface? false
2025-10-12T23:56:45.760+0200 [DEBUG] [org.gradle.internal.remote.internal.inet.InetAddresses] Adding IP addresses for network interface Microsoft Wi-Fi Direct Virtual Adapter-WFP Native MAC Layer LightWeight Filter-0000
2025-10-12T23:56:45.760+0200 [DEBUG] [org.gradle.internal.remote.internal.inet.InetAddresses] Is this a loopback interface? false
2025-10-12T23:56:45.761+0200 [DEBUG] [org.gradle.internal.remote.internal.inet.InetAddresses] Adding IP addresses for network interface Microsoft Wi-Fi Direct Virtual Adapter-Native WiFi Filter Driver-0000
2025-10-12T23:56:45.761+0200 [DEBUG] [org.gradle.internal.remote.internal.inet.InetAddresses] Is this a loopback interface? false
2025-10-12T23:56:45.761+0200 [DEBUG] [org.gradle.internal.remote.internal.inet.InetAddresses] Adding IP addresses for network interface Microsoft Wi-Fi Direct Virtual Adapter-VirtualBox NDIS Light-Weight Filter-0000
2025-10-12T23:56:45.761+0200 [DEBUG] [org.gradle.internal.remote.internal.inet.InetAddresses] Is this a loopback interface? false
2025-10-12T23:56:45.761+0200 [DEBUG] [org.gradle.internal.remote.internal.inet.InetAddresses] Adding IP addresses for network interface Microsoft Wi-Fi Direct Virtual Adapter-QoS Packet Scheduler-0000
2025-10-12T23:56:45.761+0200 [DEBUG] [org.gradle.internal.remote.internal.inet.InetAddresses] Is this a loopback interface? false
2025-10-12T23:56:45.762+0200 [DEBUG] [org.gradle.internal.remote.internal.inet.InetAddresses] Adding IP addresses for network interface Microsoft Wi-Fi Direct Virtual Adapter-WFP 802.3 MAC Layer LightWeight Filter-0000
2025-10-12T23:56:45.762+0200 [DEBUG] [org.gradle.internal.remote.internal.inet.InetAddresses] Is this a loopback interface? false
2025-10-12T23:56:45.762+0200 [DEBUG] [org.gradle.internal.remote.internal.inet.InetAddresses] Adding IP addresses for network interface Microsoft Wi-Fi Direct Virtual Adapter #2-WFP Native MAC Layer LightWeight Filter-0000
2025-10-12T23:56:45.762+0200 [DEBUG] [org.gradle.internal.remote.internal.inet.InetAddresses] Is this a loopback interface? false
2025-10-12T23:56:45.762+0200 [DEBUG] [org.gradle.internal.remote.internal.inet.InetAddresses] Adding IP addresses for network interface Microsoft Wi-Fi Direct Virtual Adapter #2-Native WiFi Filter Driver-0000
2025-10-12T23:56:45.762+0200 [DEBUG] [org.gradle.internal.remote.internal.inet.InetAddresses] Is this a loopback interface? false
2025-10-12T23:56:45.762+0200 [DEBUG] [org.gradle.internal.remote.internal.inet.InetAddresses] Adding IP addresses for network interface Microsoft Wi-Fi Direct Virtual Adapter #2-VirtualBox NDIS Light-Weight Filter-0000
2025-10-12T23:56:45.763+0200 [DEBUG] [org.gradle.internal.remote.internal.inet.InetAddresses] Is this a loopback interface? false
2025-10-12T23:56:45.763+0200 [DEBUG] [org.gradle.internal.remote.internal.inet.InetAddresses] Adding IP addresses for network interface Microsoft Wi-Fi Direct Virtual Adapter #2-QoS Packet Scheduler-0000
2025-10-12T23:56:45.763+0200 [DEBUG] [org.gradle.internal.remote.internal.inet.InetAddresses] Is this a loopback interface? false
2025-10-12T23:56:45.763+0200 [DEBUG] [org.gradle.internal.remote.internal.inet.InetAddresses] Adding IP addresses for network interface Microsoft Wi-Fi Direct Virtual Adapter #2-WFP 802.3 MAC Layer LightWeight Filter-0000
2025-10-12T23:56:45.763+0200 [DEBUG] [org.gradle.internal.remote.internal.inet.InetAddresses] Is this a loopback interface? false
2025-10-12T23:56:45.763+0200 [DEBUG] [org.gradle.internal.remote.internal.inet.InetAddresses] Adding IP addresses for network interface Realtek 8188GU Wireless LAN 802.11n USB NIC
2025-10-12T23:56:45.763+0200 [DEBUG] [org.gradle.internal.remote.internal.inet.InetAddresses] Is this a loopback interface? false
2025-10-12T23:56:45.763+0200 [DEBUG] [org.gradle.internal.remote.internal.inet.InetAddresses] Adding IP addresses for network interface TP-Link Wireless N PCI Express Adapter
2025-10-12T23:56:45.764+0200 [DEBUG] [org.gradle.internal.remote.internal.inet.InetAddresses] Is this a loopback interface? false
2025-10-12T23:56:45.764+0200 [DEBUG] [org.gradle.internal.remote.internal.inet.InetAddresses] Adding remote address /192.168.1.91
2025-10-12T23:56:45.764+0200 [DEBUG] [org.gradle.internal.remote.internal.inet.InetAddresses] Adding IP addresses for network interface Microsoft Wi-Fi Direct Virtual Adapter
2025-10-12T23:56:45.764+0200 [DEBUG] [org.gradle.internal.remote.internal.inet.InetAddresses] Is this a loopback interface? false
2025-10-12T23:56:45.764+0200 [DEBUG] [org.gradle.internal.remote.internal.inet.InetAddresses] Adding IP addresses for network interface Microsoft Wi-Fi Direct Virtual Adapter #2
2025-10-12T23:56:45.764+0200 [DEBUG] [org.gradle.internal.remote.internal.inet.InetAddresses] Is this a loopback interface? false
2025-10-12T23:56:45.765+0200 [DEBUG] [org.gradle.internal.remote.internal.inet.InetAddresses] Adding IP addresses for network interface Microsoft Teredo Tunneling Adapter
2025-10-12T23:56:45.765+0200 [DEBUG] [org.gradle.internal.remote.internal.inet.InetAddresses] Is this a loopback interface? false
2025-10-12T23:56:45.765+0200 [DEBUG] [org.gradle.internal.remote.internal.inet.InetAddresses] Adding IP addresses for network interface Microsoft IP-HTTPS Platform Adapter
2025-10-12T23:56:45.765+0200 [DEBUG] [org.gradle.internal.remote.internal.inet.InetAddresses] Is this a loopback interface? false
2025-10-12T23:56:45.765+0200 [DEBUG] [org.gradle.internal.remote.internal.inet.InetAddresses] Adding IP addresses for network interface Microsoft 6to4 Adapter
2025-10-12T23:56:45.765+0200 [DEBUG] [org.gradle.internal.remote.internal.inet.InetAddresses] Is this a loopback interface? false
2025-10-12T23:56:45.765+0200 [DEBUG] [org.gradle.internal.remote.internal.inet.InetAddresses] Adding IP addresses for network interface WAN Miniport (SSTP)
2025-10-12T23:56:45.766+0200 [DEBUG] [org.gradle.internal.remote.internal.inet.InetAddresses] Is this a loopback interface? false
2025-10-12T23:56:45.766+0200 [DEBUG] [org.gradle.internal.remote.internal.inet.InetAddresses] Adding IP addresses for network interface WAN Miniport (IKEv2)
2025-10-12T23:56:45.766+0200 [DEBUG] [org.gradle.internal.remote.internal.inet.InetAddresses] Is this a loopback interface? false
2025-10-12T23:56:45.766+0200 [DEBUG] [org.gradle.internal.remote.internal.inet.InetAddresses] Adding IP addresses for network interface WAN Miniport (L2TP)
2025-10-12T23:56:45.766+0200 [DEBUG] [org.gradle.internal.remote.internal.inet.InetAddresses] Is this a loopback interface? false
2025-10-12T23:56:45.767+0200 [DEBUG] [org.gradle.internal.remote.internal.inet.InetAddresses] Adding IP addresses for network interface WAN Miniport (PPTP)
2025-10-12T23:56:45.767+0200 [DEBUG] [org.gradle.internal.remote.internal.inet.InetAddresses] Is this a loopback interface? false
2025-10-12T23:56:45.800+0200 [DEBUG] [org.gradle.internal.nativeintegration.services.NativeServices] Native-platform posix files integration is not available. Continuing with fallback.
2025-10-12T23:56:45.835+0200 [INFO] [org.gradle.launcher.daemon.server.Daemon] start() called on daemon - DefaultDaemonContext[uid=7b2cb46a-e54e-40e9-a59e-5e09860301c9,javaHome=C:\Users\dream\.jdks\ms-21.0.8,javaVersion=21,javaVendor=Microsoft,daemonRegistryDir=C:\Users\dream\Documents\git_school\KendyMonsters\gradle\daemon,pid=12392,idleTimeout=10800000,priority=NORMAL,applyInstrumentationAgent=true,nativeServicesMode=ENABLED,daemonOpts=-XX:MaxMetaspaceSize=384m,-XX:+HeapDumpOnOutOfMemoryError,-Xms256m,-Xmx512m,-Dfile.encoding=UTF-8,-Duser.country=FR,-Duser.language=fr,-Duser.variant]
2025-10-12T23:56:45.943+0200 [DEBUG] [org.gradle.internal.remote.internal.inet.TcpIncomingConnector] Listening on [a4e0bc31-3547-40e9-a955-b13245288222 port:52332, addresses:[localhost/127.0.0.1]].
2025-10-12T23:56:46.004+0200 [DEBUG] [org.gradle.launcher.daemon.server.Daemon] Daemon starting at: Sun Oct 12 23:56:45 CEST 2025, with address: [a4e0bc31-3547-40e9-a955-b13245288222 port:52332, addresses:[localhost/127.0.0.1]]
2025-10-12T23:56:46.005+0200 [INFO] [org.gradle.launcher.daemon.server.DaemonRegistryUpdater] Advertising the daemon address to the clients: [a4e0bc31-3547-40e9-a955-b13245288222 port:52332, addresses:[localhost/127.0.0.1]]
2025-10-12T23:56:46.005+0200 [DEBUG] [org.gradle.launcher.daemon.server.DaemonRegistryUpdater] Advertised daemon context: DefaultDaemonContext[uid=7b2cb46a-e54e-40e9-a59e-5e09860301c9,javaHome=C:\Users\dream\.jdks\ms-21.0.8,javaVersion=21,javaVendor=Microsoft,daemonRegistryDir=C:\Users\dream\Documents\git_school\KendyMonsters\gradle\daemon,pid=12392,idleTimeout=10800000,priority=NORMAL,applyInstrumentationAgent=true,nativeServicesMode=ENABLED,daemonOpts=-XX:MaxMetaspaceSize=384m,-XX:+HeapDumpOnOutOfMemoryError,-Xms256m,-Xmx512m,-Dfile.encoding=UTF-8,-Duser.country=FR,-Duser.language=fr,-Duser.variant]
2025-10-12T23:56:46.007+0200 [DEBUG] [org.gradle.launcher.daemon.registry.PersistentDaemonRegistry] Storing daemon address: [a4e0bc31-3547-40e9-a955-b13245288222 port:52332, addresses:[localhost/127.0.0.1]], context: DefaultDaemonContext[uid=7b2cb46a-e54e-40e9-a59e-5e09860301c9,javaHome=C:\Users\dream\.jdks\ms-21.0.8,javaVersion=21,javaVendor=Microsoft,daemonRegistryDir=C:\Users\dream\Documents\git_school\KendyMonsters\gradle\daemon,pid=12392,idleTimeout=10800000,priority=NORMAL,applyInstrumentationAgent=true,nativeServicesMode=ENABLED,daemonOpts=-XX:MaxMetaspaceSize=384m,-XX:+HeapDumpOnOutOfMemoryError,-Xms256m,-Xmx512m,-Dfile.encoding=UTF-8,-Duser.country=FR,-Duser.language=fr,-Duser.variant]
2025-10-12T23:56:46.023+0200 [DEBUG] [org.gradle.cache.internal.DefaultFileLockManager] Waiting to acquire exclusive lock on daemon addresses registry.
2025-10-12T23:56:46.028+0200 [DEBUG] [org.gradle.cache.internal.DefaultFileLockManager] Lock acquired on daemon addresses registry.
2025-10-12T23:56:46.035+0200 [DEBUG] [org.gradle.cache.internal.DefaultFileLockManager] Releasing lock on daemon addresses registry.
2025-10-12T23:56:46.036+0200 [LIFECYCLE] [org.gradle.launcher.daemon.server.Daemon] Daemon server started.
2025-10-12T23:56:46.039+0200 [DEBUG] [org.gradle.launcher.daemon.bootstrap.DaemonStartupCommunication] Completed writing the daemon greeting. Closing streams...
2025-10-12T23:56:46.052+0200 [DEBUG] [org.gradle.internal.remote.internal.inet.TcpIncomingConnector] Accepted connection from /127.0.0.1:52333 to /127.0.0.1:52332.
2025-10-12T23:56:46.052+0200 [DEBUG] [org.gradle.launcher.daemon.server.Daemon] stopOnExpiration() called on daemon
2025-10-12T23:56:46.054+0200 [DEBUG] [org.gradle.launcher.daemon.server.Daemon] awaitExpiration() called on daemon
2025-10-12T23:56:46.055+0200 [DEBUG] [org.gradle.launcher.daemon.server.DaemonStateCoordinator] daemon is running. Sleeping until state changes.
2025-10-12T23:56:46.240+0200 [DEBUG] [org.gradle.launcher.daemon.server.SynchronizedDispatchConnection] thread 33: received class org.gradle.launcher.daemon.protocol.Build
2025-10-12T23:56:46.241+0200 [DEBUG] [org.gradle.launcher.daemon.server.DefaultDaemonConnection] thread 33: Received non-IO message from client: Build{id=ea7037c8-050f-4c1a-81ee-bf46aa10710b, currentDir=C:\Users\dream\Documents\git_school\KendyMonsters}
2025-10-12T23:56:46.241+0200 [INFO] [org.gradle.launcher.daemon.server.DefaultIncomingConnectionHandler] Received command: Build{id=ea7037c8-050f-4c1a-81ee-bf46aa10710b, currentDir=C:\Users\dream\Documents\git_school\KendyMonsters}.
2025-10-12T23:56:46.241+0200 [DEBUG] [org.gradle.launcher.daemon.server.DefaultIncomingConnectionHandler] Starting executing command: Build{id=ea7037c8-050f-4c1a-81ee-bf46aa10710b, currentDir=C:\Users\dream\Documents\git_school\KendyMonsters} with connection: socket connection from /127.0.0.1:52332 to /127.0.0.1:52333.
2025-10-12T23:56:46.245+0200 [DEBUG] [org.gradle.launcher.daemon.server.DaemonStateCoordinator] Command execution: started DaemonCommandExecution[command = Build{id=ea7037c8-050f-4c1a-81ee-bf46aa10710b, currentDir=C:\Users\dream\Documents\git_school\KendyMonsters}, connection = DefaultDaemonConnection: socket connection from /127.0.0.1:52332 to /127.0.0.1:52333] after 0.005233333333333334 minutes of idle
2025-10-12T23:56:46.246+0200 [INFO] [org.gradle.launcher.daemon.server.DaemonRegistryUpdater] Marking the daemon as busy, address: [a4e0bc31-3547-40e9-a955-b13245288222 port:52332, addresses:[localhost/127.0.0.1]]
2025-10-12T23:56:46.246+0200 [DEBUG] [org.gradle.launcher.daemon.registry.PersistentDaemonRegistry] Marking busy by address: [a4e0bc31-3547-40e9-a955-b13245288222 port:52332, addresses:[localhost/127.0.0.1]]
2025-10-12T23:56:46.247+0200 [DEBUG] [org.gradle.cache.internal.DefaultFileLockManager] Waiting to acquire exclusive lock on daemon addresses registry.
2025-10-12T23:56:46.248+0200 [DEBUG] [org.gradle.cache.internal.DefaultFileLockManager] Lock acquired on daemon addresses registry.
2025-10-12T23:56:46.249+0200 [DEBUG] [org.gradle.cache.internal.DefaultFileLockManager] Releasing lock on daemon addresses registry.
2025-10-12T23:56:46.250+0200 [DEBUG] [org.gradle.launcher.daemon.server.DaemonStateCoordinator] resetting idle timer
2025-10-12T23:56:46.250+0200 [DEBUG] [org.gradle.launcher.daemon.server.DaemonStateCoordinator] daemon is running. Sleeping until state changes.
2025-10-12T23:56:46.251+0200 [INFO] [org.gradle.launcher.daemon.server.exec.StartBuildOrRespondWithBusy] Daemon is about to start building Build{id=ea7037c8-050f-4c1a-81ee-bf46aa10710b, currentDir=C:\Users\dream\Documents\git_school\KendyMonsters}. Dispatching build started information...
2025-10-12T23:56:46.251+0200 [DEBUG] [org.gradle.launcher.daemon.server.SynchronizedDispatchConnection] thread 35: dispatching org.gradle.launcher.daemon.protocol.BuildStarted@71b5d715
2025-10-12T23:56:46.255+0200 [DEBUG] [org.gradle.launcher.daemon.server.exec.EstablishBuildEnvironment] Configuring env variables: [USERDOMAIN_ROAMINGPROFILE, LOCALAPPDATA, PROCESSOR_LEVEL, USERDOMAIN, LOGONSERVER, SESSIONNAME, ALLUSERSPROFILE, PROCESSOR_ARCHITECTURE, PSModulePath, SystemDrive, OneDrive, APPDATA, USERNAME, ProgramFiles(x86), VBOX_MSI_INSTALL_PATH, CommonProgramFiles, Path, PATHEXT, DriverData, OS, OneDriveConsumer, COMPUTERNAME, PROCESSOR_REVISION, CommonProgramW6432, PyCharm Community Edition, ComSpec, ProgramData, ProgramW6432, TEMP, HOMEPATH, SystemRoot, PROCESSOR_IDENTIFIER, HOMEDRIVE, USERPROFILE, TMP, CommonProgramFiles(x86), ProgramFiles, PUBLIC, windir, NUMBER_OF_PROCESSORS, =::]
2025-10-12T23:56:46.263+0200 [DEBUG] [org.gradle.launcher.daemon.server.exec.LogToClient] About to start relaying all logs to the client via the connection.
2025-10-12T23:56:46.264+0200 [INFO] [org.gradle.launcher.daemon.server.exec.LogToClient] The client will now receive all logging from the daemon (pid: 12392). The daemon log file: C:\Users\dream\Documents\git_school\KendyMonsters\gradle\daemon\8.14\daemon-12392.out.log
2025-10-12T23:56:46.266+0200 [INFO] [org.gradle.launcher.daemon.server.exec.LogAndCheckHealth] Starting build in new daemon [memory: 512 MiB]
2025-10-12T23:56:46.269+0200 [DEBUG] [org.gradle.launcher.daemon.server.exec.ExecuteBuild] The daemon has started executing the build.
2025-10-12T23:56:46.270+0200 [DEBUG] [org.gradle.launcher.daemon.server.exec.ExecuteBuild] Executing build with daemon context: DefaultDaemonContext[uid=7b2cb46a-e54e-40e9-a59e-5e09860301c9,javaHome=C:\Users\dream\.jdks\ms-21.0.8,javaVersion=21,javaVendor=Microsoft,daemonRegistryDir=C:\Users\dream\Documents\git_school\KendyMonsters\gradle\daemon,pid=12392,idleTimeout=10800000,priority=NORMAL,applyInstrumentationAgent=true,nativeServicesMode=ENABLED,daemonOpts=-XX:MaxMetaspaceSize=384m,-XX:+HeapDumpOnOutOfMemoryError,-Xms256m,-Xmx512m,-Dfile.encoding=UTF-8,-Duser.country=FR,-Duser.language=fr,-Duser.variant]

BUILD SUCCESSFUL in 20s
2 actionable tasks: 1 executed, 1 up-to-date
2025-10-12T23:57:04.257+0200 [DEBUG] [org.gradle.launcher.daemon.server.exec.ExecuteBuild] The daemon has finished executing the build.
2025-10-12T23:57:04.260+0200 [DEBUG] [org.gradle.launcher.daemon.server.DaemonStateCoordinator] daemon is running. Sleeping until state changes.
2025-10-12T23:57:04.260+0200 [DEBUG] [org.gradle.launcher.daemon.server.DaemonStateCoordinator] Command execution: finished waiting for DaemonCommandExecution[command = Build{id=ea7037c8-050f-4c1a-81ee-bf46aa10710b, currentDir=C:\Users\dream\Documents\git_school\KendyMonsters}, connection = DefaultDaemonConnection: socket connection from /127.0.0.1:52332 to /127.0.0.1:52333]. Result org.gradle.launcher.daemon.server.DaemonStateCoordinator@357dcee7 with state Busy
2025-10-12T23:57:04.260+0200 [DEBUG] [org.gradle.launcher.daemon.server.DaemonStateCoordinator] Command execution: completed DaemonCommandExecution[command = Build{id=ea7037c8-050f-4c1a-81ee-bf46aa10710b, currentDir=C:\Users\dream\Documents\git_school\KendyMonsters}, connection = DefaultDaemonConnection: socket connection from /127.0.0.1:52332 to /127.0.0.1:52333]
2025-10-12T23:57:04.261+0200 [DEBUG] [org.gradle.launcher.daemon.server.DaemonStateCoordinator] resetting idle timer
2025-10-12T23:57:04.261+0200 [INFO] [org.gradle.launcher.daemon.server.DaemonRegistryUpdater] Marking the daemon as idle, address: [a4e0bc31-3547-40e9-a955-b13245288222 port:52332, addresses:[localhost/127.0.0.1]]
2025-10-12T23:57:04.261+0200 [DEBUG] [org.gradle.launcher.daemon.registry.PersistentDaemonRegistry] Marking busy by address: [a4e0bc31-3547-40e9-a955-b13245288222 port:52332, addresses:[localhost/127.0.0.1]]
2025-10-12T23:57:04.262+0200 [DEBUG] [org.gradle.cache.internal.DefaultFileLockManager] Waiting to acquire exclusive lock on daemon addresses registry.
2025-10-12T23:57:04.262+0200 [DEBUG] [org.gradle.cache.internal.DefaultFileLockManager] Lock acquired on daemon addresses registry.
2025-10-12T23:57:04.263+0200 [DEBUG] [org.gradle.cache.internal.DefaultFileLockManager] Releasing lock on daemon addresses registry.
2025-10-12T23:57:04.263+0200 [DEBUG] [org.gradle.launcher.daemon.server.DaemonStateCoordinator] daemon is running. Sleeping until state changes.
2025-10-12T23:57:04.263+0200 [DEBUG] [org.gradle.launcher.daemon.server.exec.ReturnResult] Daemon is dispatching the build result: Success[value=org.gradle.launcher.exec.BuildActionResult@614e2bb4]
2025-10-12T23:57:04.263+0200 [DEBUG] [org.gradle.launcher.daemon.server.SynchronizedDispatchConnection] thread 32: dispatching Success[value=org.gradle.launcher.exec.BuildActionResult@614e2bb4]
2025-10-12T23:57:04.264+0200 [DEBUG] [org.gradle.launcher.daemon.server.exec.CleanUpVirtualFileSystemAfterBuild] Cleaning virtual file system after build finished
2025-10-12T23:57:04.265+0200 [DEBUG] [org.gradle.launcher.daemon.server.DefaultIncomingConnectionHandler] Finishing executing command: Build{id=ea7037c8-050f-4c1a-81ee-bf46aa10710b, currentDir=C:\Users\dream\Documents\git_school\KendyMonsters}
2025-10-12T23:57:04.265+0200 [DEBUG] [org.gradle.launcher.daemon.server.SynchronizedDispatchConnection] thread 33: received class org.gradle.launcher.daemon.protocol.CloseInput
2025-10-12T23:57:04.265+0200 [DEBUG] [org.gradle.launcher.daemon.server.DefaultDaemonConnection] thread 33: Received IO message from client: org.gradle.launcher.daemon.protocol.CloseInput@4d677545
2025-10-12T23:57:04.265+0200 [DEBUG] [org.gradle.launcher.daemon.server.SynchronizedDispatchConnection] thread 33: received class org.gradle.launcher.daemon.protocol.Finished
2025-10-12T23:57:04.265+0200 [DEBUG] [org.gradle.launcher.daemon.server.DefaultDaemonConnection] thread 33: Received non-IO message from client: org.gradle.launcher.daemon.protocol.Finished@2567a566
2025-10-12T23:57:04.265+0200 [DEBUG] [org.gradle.launcher.daemon.server.DefaultIncomingConnectionHandler] Received finished message: org.gradle.launcher.daemon.protocol.Finished@2567a566
2025-10-12T23:57:04.265+0200 [DEBUG] [org.gradle.launcher.daemon.server.SynchronizedDispatchConnection] thread 32: stopping connection
2025-10-12T23:57:04.265+0200 [DEBUG] [org.gradle.internal.remote.internal.inet.SocketConnection] Discarding EOFException: java.io.EOFException
2025-10-12T23:57:04.266+0200 [DEBUG] [org.gradle.launcher.daemon.server.SynchronizedDispatchConnection] thread 33: received null
2025-10-12T23:57:04.266+0200 [DEBUG] [org.gradle.launcher.daemon.server.DefaultDaemonConnection] thread 33: Received end-of-input from client.
2025-10-12T23:57:04.266+0200 [DEBUG] [org.gradle.launcher.daemon.server.SynchronizedDispatchConnection] thread 32: stopping connection
2025-10-12T23:57:06.065+0200 [DEBUG] [org.gradle.cache.internal.DefaultFileLockManager] Waiting to acquire shared lock on daemon addresses registry.
2025-10-12T23:57:06.066+0200 [DEBUG] [org.gradle.cache.internal.DefaultFileLockManager] Lock acquired on daemon addresses registry.
2025-10-12T23:57:06.066+0200 [DEBUG] [org.gradle.cache.internal.DefaultFileLockManager] Releasing lock on daemon addresses registry.
2025-10-12T23:57:06.068+0200 [DEBUG] [org.gradle.cache.internal.DefaultFileLockManager] Waiting to acquire shared lock on daemon addresses registry.
2025-10-12T23:57:06.068+0200 [DEBUG] [org.gradle.cache.internal.DefaultFileLockManager] Lock acquired on daemon addresses registry.
2025-10-12T23:57:06.068+0200 [DEBUG] [org.gradle.cache.internal.DefaultFileLockManager] Releasing lock on daemon addresses registry.
2025-10-12T23:57:08.716+0200 [DEBUG] [org.gradle.process.internal.health.memory.DefaultMemoryManager] 848118169 physical memory requested, 350130176 free
2025-10-12T23:57:08.716+0200 [DEBUG] [org.gradle.workers.internal.WorkerDaemonExpiration] Will attempt to release 808 of memory
2025-10-12T23:57:08.716+0200 [DEBUG] [org.gradle.process.internal.health.memory.DefaultMemoryManager] 848118169 physical memory requested, 0 released, 350130176 free
2025-10-12T23:57:13.715+0200 [DEBUG] [org.gradle.process.internal.health.memory.DefaultMemoryManager] 848118169 physical memory requested, 347074560 free
2025-10-12T23:57:13.716+0200 [DEBUG] [org.gradle.workers.internal.WorkerDaemonExpiration] Will attempt to release 808 of memory
2025-10-12T23:57:13.716+0200 [DEBUG] [org.gradle.process.internal.health.memory.DefaultMemoryManager] 848118169 physical memory requested, 0 released, 347074560 free
2025-10-12T23:57:16.055+0200 [DEBUG] [org.gradle.cache.internal.DefaultFileLockManager] Waiting to acquire shared lock on daemon addresses registry.
2025-10-12T23:57:16.055+0200 [DEBUG] [org.gradle.cache.internal.DefaultFileLockManager] Lock acquired on daemon addresses registry.
2025-10-12T23:57:16.056+0200 [DEBUG] [org.gradle.cache.internal.DefaultFileLockManager] Releasing lock on daemon addresses registry.
2025-10-12T23:57:16.057+0200 [DEBUG] [org.gradle.cache.internal.DefaultFileLockManager] Waiting to acquire shared lock on daemon addresses registry.
2025-10-12T23:57:16.057+0200 [DEBUG] [org.gradle.cache.internal.DefaultFileLockManager] Lock acquired on daemon addresses registry.
2025-10-12T23:57:16.058+0200 [DEBUG] [org.gradle.cache.internal.DefaultFileLockManager] Releasing lock on daemon addresses registry.
2025-10-12T23:57:16.059+0200 [DEBUG] [org.gradle.cache.internal.DefaultFileLockManager] Waiting to acquire shared lock on daemon addresses registry.
2025-10-12T23:57:16.059+0200 [DEBUG] [org.gradle.cache.internal.DefaultFileLockManager] Lock acquired on daemon addresses registry.
2025-10-12T23:57:16.059+0200 [DEBUG] [org.gradle.cache.internal.DefaultFileLockManager] Releasing lock on daemon addresses registry.
2025-10-12T23:57:18.718+0200 [DEBUG] [org.gradle.process.internal.health.memory.DefaultMemoryManager] 848118169 physical memory requested, 334790656 free
2025-10-12T23:57:18.718+0200 [DEBUG] [org.gradle.workers.internal.WorkerDaemonExpiration] Will attempt to release 808 of memory
2025-10-12T23:57:18.718+0200 [DEBUG] [org.gradle.process.internal.health.memory.DefaultMemoryManager] 848118169 physical memory requested, 0 released, 334790656 free
2025-10-12T23:57:23.717+0200 [DEBUG] [org.gradle.process.internal.health.memory.DefaultMemoryManager] 848118169 physical memory requested, 326344704 free
2025-10-12T23:57:23.717+0200 [DEBUG] [org.gradle.workers.internal.WorkerDaemonExpiration] Will attempt to release 808 of memory
2025-10-12T23:57:23.717+0200 [DEBUG] [org.gradle.process.internal.health.memory.DefaultMemoryManager] 848118169 physical memory requested, 0 released, 326344704 free
2025-10-12T23:57:26.058+0200 [DEBUG] [org.gradle.cache.internal.DefaultFileLockManager] Waiting to acquire shared lock on daemon addresses registry.
2025-10-12T23:57:26.059+0200 [DEBUG] [org.gradle.cache.internal.DefaultFileLockManager] Lock acquired on daemon addresses registry.
2025-10-12T23:57:26.060+0200 [DEBUG] [org.gradle.cache.internal.DefaultFileLockManager] Releasing lock on daemon addresses registry.
2025-10-12T23:57:26.061+0200 [DEBUG] [org.gradle.cache.internal.DefaultFileLockManager] Waiting to acquire shared lock on daemon addresses registry.
2025-10-12T23:57:26.061+0200 [DEBUG] [org.gradle.cache.internal.DefaultFileLockManager] Lock acquired on daemon addresses registry.
2025-10-12T23:57:26.062+0200 [DEBUG] [org.gradle.cache.internal.DefaultFileLockManager] Releasing lock on daemon addresses registry.
2025-10-12T23:57:26.062+0200 [DEBUG] [org.gradle.cache.internal.DefaultFileLockManager] Waiting to acquire shared lock on daemon addresses registry.
2025-10-12T23:57:26.063+0200 [DEBUG] [org.gradle.cache.internal.DefaultFileLockManager] Lock acquired on daemon addresses registry.
2025-10-12T23:57:26.063+0200 [DEBUG] [org.gradle.cache.internal.DefaultFileLockManager] Releasing lock on daemon addresses registry.
2025-10-12T23:57:27.031+0200 [DEBUG] [sun.rmi.transport.tcp] RMI Scheduler(0): close connection, socket: Socket[addr=localhost/127.0.0.1,port=17661,localport=52347]
2025-10-12T23:57:27.041+0200 [DEBUG] [sun.rmi.transport.tcp] RMI Scheduler(0): close connection, socket: Socket[addr=localhost/127.0.0.1,port=17661,localport=52348]
2025-10-12T23:57:27.156+0200 [DEBUG] [sun.rmi.transport.tcp] RMI TCP Connection(1)-127.0.0.1: (port 52349) connection closed
2025-10-12T23:57:27.156+0200 [DEBUG] [sun.rmi.transport.tcp] RMI TCP Connection(1)-127.0.0.1: close connection, socket: Socket[addr=/127.0.0.1,port=52350,localport=52349]
2025-10-12T23:57:27.157+0200 [DEBUG] [sun.rmi.transport.tcp] RMI TCP Connection(1)-127.0.0.1: socket close: Socket[addr=/127.0.0.1,port=52350,localport=52349]
2025-10-12T23:57:28.716+0200 [DEBUG] [org.gradle.process.internal.health.memory.DefaultMemoryManager] 848118169 physical memory requested, 319602688 free
2025-10-12T23:57:28.716+0200 [DEBUG] [org.gradle.workers.internal.WorkerDaemonExpiration] Will attempt to release 808 of memory
2025-10-12T23:57:28.716+0200 [DEBUG] [org.gradle.process.internal.health.memory.DefaultMemoryManager] 848118169 physical memory requested, 0 released, 319602688 free
2025-10-12T23:57:33.718+0200 [DEBUG] [org.gradle.process.internal.health.memory.DefaultMemoryManager] 848118169 physical memory requested, 306982912 free
2025-10-12T23:57:33.718+0200 [DEBUG] [org.gradle.workers.internal.WorkerDaemonExpiration] Will attempt to release 808 of memory
2025-10-12T23:57:33.718+0200 [DEBUG] [org.gradle.process.internal.health.memory.DefaultMemoryManager] 848118169 physical memory requested, 0 released, 306982912 free
2025-10-12T23:57:36.056+0200 [DEBUG] [org.gradle.cache.internal.DefaultFileLockManager] Waiting to acquire shared lock on daemon addresses registry.
2025-10-12T23:57:36.056+0200 [DEBUG] [org.gradle.cache.internal.DefaultFileLockManager] Lock acquired on daemon addresses registry.
2025-10-12T23:57:36.056+0200 [DEBUG] [org.gradle.cache.internal.DefaultFileLockManager] Releasing lock on daemon addresses registry.
2025-10-12T23:57:36.057+0200 [DEBUG] [org.gradle.cache.internal.DefaultFileLockManager] Waiting to acquire shared lock on daemon addresses registry.
2025-10-12T23:57:36.057+0200 [DEBUG] [org.gradle.cache.internal.DefaultFileLockManager] Lock acquired on daemon addresses registry.
2025-10-12T23:57:36.058+0200 [DEBUG] [org.gradle.cache.internal.DefaultFileLockManager] Releasing lock on daemon addresses registry.
2025-10-12T23:57:36.058+0200 [DEBUG] [org.gradle.cache.internal.DefaultFileLockManager] Waiting to acquire shared lock on daemon addresses registry.
2025-10-12T23:57:36.059+0200 [DEBUG] [org.gradle.cache.internal.DefaultFileLockManager] Lock acquired on daemon addresses registry.
2025-10-12T23:57:36.059+0200 [DEBUG] [org.gradle.cache.internal.DefaultFileLockManager] Releasing lock on daemon addresses registry.
2025-10-12T23:57:38.719+0200 [DEBUG] [org.gradle.process.internal.health.memory.DefaultMemoryManager] 848118169 physical memory requested, 303529984 free
2025-10-12T23:57:38.723+0200 [DEBUG] [org.gradle.workers.internal.WorkerDaemonExpiration] Will attempt to release 808 of memory
2025-10-12T23:57:38.723+0200 [DEBUG] [org.gradle.process.internal.health.memory.DefaultMemoryManager] 848118169 physical memory requested, 0 released, 303529984 free
2025-10-12T23:57:43.716+0200 [DEBUG] [org.gradle.process.internal.health.memory.DefaultMemoryManager] 848118169 physical memory requested, 311996416 free
2025-10-12T23:57:43.716+0200 [DEBUG] [org.gradle.workers.internal.WorkerDaemonExpiration] Will attempt to release 808 of memory
2025-10-12T23:57:43.716+0200 [DEBUG] [org.gradle.process.internal.health.memory.DefaultMemoryManager] 848118169 physical memory requested, 0 released, 311996416 free
2025-10-12T23:57:46.056+0200 [DEBUG] [org.gradle.cache.internal.DefaultFileLockManager] Waiting to acquire shared lock on daemon addresses registry.
2025-10-12T23:57:46.056+0200 [DEBUG] [org.gradle.cache.internal.DefaultFileLockManager] Lock acquired on daemon addresses registry.
2025-10-12T23:57:46.056+0200 [DEBUG] [org.gradle.cache.internal.DefaultFileLockManager] Releasing lock on daemon addresses registry.
2025-10-12T23:57:46.057+0200 [DEBUG] [org.gradle.cache.internal.DefaultFileLockManager] Waiting to acquire shared lock on daemon addresses registry.
2025-10-12T23:57:46.058+0200 [DEBUG] [org.gradle.cache.internal.DefaultFileLockManager] Lock acquired on daemon addresses registry.
2025-10-12T23:57:46.058+0200 [DEBUG] [org.gradle.cache.internal.DefaultFileLockManager] Releasing lock on daemon addresses registry.
2025-10-12T23:57:46.059+0200 [DEBUG] [org.gradle.cache.internal.DefaultFileLockManager] Waiting to acquire shared lock on daemon addresses registry.
2025-10-12T23:57:46.059+0200 [DEBUG] [org.gradle.cache.internal.DefaultFileLockManager] Lock acquired on daemon addresses registry.
2025-10-12T23:57:46.059+0200 [DEBUG] [org.gradle.cache.internal.DefaultFileLockManager] Releasing lock on daemon addresses registry.
2025-10-12T23:57:48.717+0200 [DEBUG] [org.gradle.process.internal.health.memory.DefaultMemoryManager] 848118169 physical memory requested, 404332544 free
2025-10-12T23:57:48.717+0200 [DEBUG] [org.gradle.workers.internal.WorkerDaemonExpiration] Will attempt to release 808 of memory
2025-10-12T23:57:48.717+0200 [DEBUG] [org.gradle.process.internal.health.memory.DefaultMemoryManager] 848118169 physical memory requested, 0 released, 404332544 free
2025-10-12T23:57:53.716+0200 [DEBUG] [org.gradle.process.internal.health.memory.DefaultMemoryManager] 848118169 physical memory requested, 460218368 free
2025-10-12T23:57:53.716+0200 [DEBUG] [org.gradle.workers.internal.WorkerDaemonExpiration] Will attempt to release 808 of memory
2025-10-12T23:57:53.716+0200 [DEBUG] [org.gradle.process.internal.health.memory.DefaultMemoryManager] 848118169 physical memory requested, 0 released, 460218368 free
2025-10-12T23:57:56.055+0200 [DEBUG] [org.gradle.cache.internal.DefaultFileLockManager] Waiting to acquire shared lock on daemon addresses registry.
2025-10-12T23:57:56.056+0200 [DEBUG] [org.gradle.cache.internal.DefaultFileLockManager] Lock acquired on daemon addresses registry.
2025-10-12T23:57:56.056+0200 [DEBUG] [org.gradle.cache.internal.DefaultFileLockManager] Releasing lock on daemon addresses registry.
2025-10-12T23:57:56.057+0200 [DEBUG] [org.gradle.cache.internal.DefaultFileLockManager] Waiting to acquire shared lock on daemon addresses registry.
2025-10-12T23:57:56.058+0200 [DEBUG] [org.gradle.cache.internal.DefaultFileLockManager] Lock acquired on daemon addresses registry.
2025-10-12T23:57:56.058+0200 [DEBUG] [org.gradle.cache.internal.DefaultFileLockManager] Releasing lock on daemon addresses registry.
2025-10-12T23:57:56.059+0200 [DEBUG] [org.gradle.cache.internal.DefaultFileLockManager] Waiting to acquire shared lock on daemon addresses registry.
2025-10-12T23:57:56.059+0200 [DEBUG] [org.gradle.cache.internal.DefaultFileLockManager] Lock acquired on daemon addresses registry.
2025-10-12T23:57:56.059+0200 [DEBUG] [org.gradle.cache.internal.DefaultFileLockManager] Releasing lock on daemon addresses registry.
2025-10-12T23:57:58.717+0200 [DEBUG] [org.gradle.process.internal.health.memory.DefaultMemoryManager] 848118169 physical memory requested, 418385920 free
2025-10-12T23:57:58.717+0200 [DEBUG] [org.gradle.workers.internal.WorkerDaemonExpiration] Will attempt to release 808 of memory
2025-10-12T23:57:58.717+0200 [DEBUG] [org.gradle.process.internal.health.memory.DefaultMemoryManager] 848118169 physical memory requested, 0 released, 418385920 free
2025-10-12T23:58:03.716+0200 [DEBUG] [org.gradle.process.internal.health.memory.DefaultMemoryManager] 848118169 physical memory requested, 444428288 free
2025-10-12T23:58:03.716+0200 [DEBUG] [org.gradle.workers.internal.WorkerDaemonExpiration] Will attempt to release 808 of memory
2025-10-12T23:58:03.716+0200 [DEBUG] [org.gradle.process.internal.health.memory.DefaultMemoryManager] 848118169 physical memory requested, 0 released, 444428288 free
2025-10-12T23:58:06.056+0200 [DEBUG] [org.gradle.cache.internal.DefaultFileLockManager] Waiting to acquire shared lock on daemon addresses registry.
2025-10-12T23:58:06.056+0200 [DEBUG] [org.gradle.cache.internal.DefaultFileLockManager] Lock acquired on daemon addresses registry.
2025-10-12T23:58:06.056+0200 [DEBUG] [org.gradle.cache.internal.DefaultFileLockManager] Releasing lock on daemon addresses registry.
2025-10-12T23:58:06.058+0200 [DEBUG] [org.gradle.cache.internal.DefaultFileLockManager] Waiting to acquire shared lock on daemon addresses registry.
2025-10-12T23:58:06.058+0200 [DEBUG] [org.gradle.cache.internal.DefaultFileLockManager] Lock acquired on daemon addresses registry.
2025-10-12T23:58:06.059+0200 [DEBUG] [org.gradle.cache.internal.DefaultFileLockManager] Releasing lock on daemon addresses registry.
2025-10-12T23:58:06.060+0200 [DEBUG] [org.gradle.cache.internal.DefaultFileLockManager] Waiting to acquire shared lock on daemon addresses registry.
2025-10-12T23:58:06.060+0200 [DEBUG] [org.gradle.cache.internal.DefaultFileLockManager] Lock acquired on daemon addresses registry.
2025-10-12T23:58:06.060+0200 [DEBUG] [org.gradle.cache.internal.DefaultFileLockManager] Releasing lock on daemon addresses registry.
2025-10-12T23:58:08.719+0200 [DEBUG] [org.gradle.process.internal.health.memory.DefaultMemoryManager] 848118169 physical memory requested, 487374848 free
2025-10-12T23:58:08.719+0200 [DEBUG] [org.gradle.workers.internal.WorkerDaemonExpiration] Will attempt to release 808 of memory
2025-10-12T23:58:08.719+0200 [DEBUG] [org.gradle.process.internal.health.memory.DefaultMemoryManager] 848118169 physical memory requested, 0 released, 487374848 free
2025-10-12T23:58:13.724+0200 [DEBUG] [org.gradle.process.internal.health.memory.DefaultMemoryManager] 848118169 physical memory requested, 545456128 free
2025-10-12T23:58:13.724+0200 [DEBUG] [org.gradle.workers.internal.WorkerDaemonExpiration] Will attempt to release 808 of memory
2025-10-12T23:58:13.724+0200 [DEBUG] [org.gradle.process.internal.health.memory.DefaultMemoryManager] 848118169 physical memory requested, 0 released, 545456128 free
2025-10-12T23:58:16.054+0200 [DEBUG] [org.gradle.cache.internal.DefaultFileLockManager] Waiting to acquire shared lock on daemon addresses registry.
2025-10-12T23:58:16.055+0200 [DEBUG] [org.gradle.cache.internal.DefaultFileLockManager] Lock acquired on daemon addresses registry.
2025-10-12T23:58:16.055+0200 [DEBUG] [org.gradle.cache.internal.DefaultFileLockManager] Releasing lock on daemon addresses registry.
2025-10-12T23:58:16.057+0200 [DEBUG] [org.gradle.cache.internal.DefaultFileLockManager] Waiting to acquire shared lock on daemon addresses registry.
2025-10-12T23:58:16.057+0200 [DEBUG] [org.gradle.cache.internal.DefaultFileLockManager] Lock acquired on daemon addresses registry.
2025-10-12T23:58:16.058+0200 [DEBUG] [org.gradle.cache.internal.DefaultFileLockManager] Releasing lock on daemon addresses registry.
2025-10-12T23:58:16.059+0200 [DEBUG] [org.gradle.cache.internal.DefaultFileLockManager] Waiting to acquire shared lock on daemon addresses registry.
2025-10-12T23:58:16.059+0200 [DEBUG] [org.gradle.cache.internal.DefaultFileLockManager] Lock acquired on daemon addresses registry.
2025-10-12T23:58:16.060+0200 [DEBUG] [org.gradle.cache.internal.DefaultFileLockManager] Releasing lock on daemon addresses registry.
2025-10-12T23:58:18.717+0200 [DEBUG] [org.gradle.process.internal.health.memory.DefaultMemoryManager] 848118169 physical memory requested, 496513024 free
2025-10-12T23:58:18.717+0200 [DEBUG] [org.gradle.workers.internal.WorkerDaemonExpiration] Will attempt to release 808 of memory
2025-10-12T23:58:18.717+0200 [DEBUG] [org.gradle.process.internal.health.memory.DefaultMemoryManager] 848118169 physical memory requested, 0 released, 496513024 free
2025-10-12T23:58:23.716+0200 [DEBUG] [org.gradle.process.internal.health.memory.DefaultMemoryManager] 848118169 physical memory requested, 483659776 free
2025-10-12T23:58:23.716+0200 [DEBUG] [org.gradle.workers.internal.WorkerDaemonExpiration] Will attempt to release 808 of memory
2025-10-12T23:58:23.716+0200 [DEBUG] [org.gradle.process.internal.health.memory.DefaultMemoryManager] 848118169 physical memory requested, 0 released, 483659776 free
2025-10-12T23:58:26.057+0200 [DEBUG] [org.gradle.cache.internal.DefaultFileLockManager] Waiting to acquire shared lock on daemon addresses registry.
2025-10-12T23:58:26.058+0200 [DEBUG] [org.gradle.cache.internal.DefaultFileLockManager] Lock acquired on daemon addresses registry.
2025-10-12T23:58:26.059+0200 [DEBUG] [org.gradle.cache.internal.DefaultFileLockManager] Releasing lock on daemon addresses registry.
2025-10-12T23:58:26.063+0200 [DEBUG] [org.gradle.cache.internal.DefaultFileLockManager] Waiting to acquire shared lock on daemon addresses registry.
2025-10-12T23:58:26.064+0200 [DEBUG] [org.gradle.cache.internal.DefaultFileLockManager] Lock acquired on daemon addresses registry.
2025-10-12T23:58:26.064+0200 [DEBUG] [org.gradle.cache.internal.DefaultFileLockManager] Releasing lock on daemon addresses registry.
2025-10-12T23:58:26.067+0200 [DEBUG] [org.gradle.cache.internal.DefaultFileLockManager] Waiting to acquire shared lock on daemon addresses registry.
2025-10-12T23:58:26.068+0200 [DEBUG] [org.gradle.cache.internal.DefaultFileLockManager] Lock acquired on daemon addresses registry.
2025-10-12T23:58:26.068+0200 [DEBUG] [org.gradle.cache.internal.DefaultFileLockManager] Releasing lock on daemon addresses registry.
2025-10-12T23:58:28.729+0200 [DEBUG] [org.gradle.process.internal.health.memory.DefaultMemoryManager] 848118169 physical memory requested, 472399872 free
2025-10-12T23:58:28.730+0200 [DEBUG] [org.gradle.workers.internal.WorkerDaemonExpiration] Will attempt to release 808 of memory
2025-10-12T23:58:28.730+0200 [DEBUG] [org.gradle.process.internal.health.memory.DefaultMemoryManager] 848118169 physical memory requested, 0 released, 472399872 free
2025-10-12T23:58:33.721+0200 [DEBUG] [org.gradle.process.internal.health.memory.DefaultMemoryManager] 848118169 physical memory requested, 463237120 free
2025-10-12T23:58:33.721+0200 [DEBUG] [org.gradle.workers.internal.WorkerDaemonExpiration] Will attempt to release 808 of memory
2025-10-12T23:58:33.721+0200 [DEBUG] [org.gradle.process.internal.health.memory.DefaultMemoryManager] 848118169 physical memory requested, 0 released, 463237120 free
2025-10-12T23:58:36.057+0200 [DEBUG] [org.gradle.cache.internal.DefaultFileLockManager] Waiting to acquire shared lock on daemon addresses registry.
2025-10-12T23:58:36.058+0200 [DEBUG] [org.gradle.cache.internal.DefaultFileLockManager] Lock acquired on daemon addresses registry.
2025-10-12T23:58:36.059+0200 [DEBUG] [org.gradle.cache.internal.DefaultFileLockManager] Releasing lock on daemon addresses registry.
2025-10-12T23:58:36.064+0200 [DEBUG] [org.gradle.cache.internal.DefaultFileLockManager] Waiting to acquire shared lock on daemon addresses registry.
2025-10-12T23:58:36.065+0200 [DEBUG] [org.gradle.cache.internal.DefaultFileLockManager] Lock acquired on daemon addresses registry.
2025-10-12T23:58:36.066+0200 [DEBUG] [org.gradle.cache.internal.DefaultFileLockManager] Releasing lock on daemon addresses registry.
2025-10-12T23:58:36.070+0200 [DEBUG] [org.gradle.cache.internal.DefaultFileLockManager] Waiting to acquire shared lock on daemon addresses registry.
2025-10-12T23:58:36.070+0200 [DEBUG] [org.gradle.cache.internal.DefaultFileLockManager] Lock acquired on daemon addresses registry.
2025-10-12T23:58:36.071+0200 [DEBUG] [org.gradle.cache.internal.DefaultFileLockManager] Releasing lock on daemon addresses registry.
2025-10-12T23:58:38.715+0200 [DEBUG] [org.gradle.process.internal.health.memory.DefaultMemoryManager] 848118169 physical memory requested, 480833536 free
2025-10-12T23:58:38.715+0200 [DEBUG] [org.gradle.workers.internal.WorkerDaemonExpiration] Will attempt to release 808 of memory
2025-10-12T23:58:38.715+0200 [DEBUG] [org.gradle.process.internal.health.memory.DefaultMemoryManager] 848118169 physical memory requested, 0 released, 480833536 free
2025-10-12T23:58:43.729+0200 [DEBUG] [org.gradle.process.internal.health.memory.DefaultMemoryManager] 848118169 physical memory requested, 470577152 free
2025-10-12T23:58:43.730+0200 [DEBUG] [org.gradle.workers.internal.WorkerDaemonExpiration] Will attempt to release 808 of memory
2025-10-12T23:58:43.730+0200 [DEBUG] [org.gradle.process.internal.health.memory.DefaultMemoryManager] 848118169 physical memory requested, 0 released, 470577152 free
2025-10-12T23:58:46.056+0200 [DEBUG] [org.gradle.cache.internal.DefaultFileLockManager] Waiting to acquire shared lock on daemon addresses registry.
2025-10-12T23:58:46.057+0200 [DEBUG] [org.gradle.cache.internal.DefaultFileLockManager] Lock acquired on daemon addresses registry.
2025-10-12T23:58:46.058+0200 [DEBUG] [org.gradle.cache.internal.DefaultFileLockManager] Releasing lock on daemon addresses registry.
2025-10-12T23:58:46.063+0200 [DEBUG] [org.gradle.cache.internal.DefaultFileLockManager] Waiting to acquire shared lock on daemon addresses registry.
2025-10-12T23:58:46.063+0200 [DEBUG] [org.gradle.cache.internal.DefaultFileLockManager] Lock acquired on daemon addresses registry.
2025-10-12T23:58:46.064+0200 [DEBUG] [org.gradle.cache.internal.DefaultFileLockManager] Releasing lock on daemon addresses registry.
2025-10-12T23:58:46.068+0200 [DEBUG] [org.gradle.cache.internal.DefaultFileLockManager] Waiting to acquire shared lock on daemon addresses registry.
2025-10-12T23:58:46.068+0200 [DEBUG] [org.gradle.cache.internal.DefaultFileLockManager] Lock acquired on daemon addresses registry.
2025-10-12T23:58:46.069+0200 [DEBUG] [org.gradle.cache.internal.DefaultFileLockManager] Releasing lock on daemon addresses registry.
2025-10-12T23:58:48.716+0200 [DEBUG] [org.gradle.process.internal.health.memory.DefaultMemoryManager] 848118169 physical memory requested, 434745344 free
2025-10-12T23:58:48.716+0200 [DEBUG] [org.gradle.workers.internal.WorkerDaemonExpiration] Will attempt to release 808 of memory
2025-10-12T23:58:48.716+0200 [DEBUG] [org.gradle.process.internal.health.memory.DefaultMemoryManager] 848118169 physical memory requested, 0 released, 434745344 free
2025-10-12T23:58:56.055+0200 [DEBUG] [org.gradle.cache.internal.DefaultFileLockManager] Waiting to acquire shared lock on daemon addresses registry.
2025-10-12T23:58:56.056+0200 [DEBUG] [org.gradle.cache.internal.DefaultFileLockManager] Lock acquired on daemon addresses registry.
2025-10-12T23:58:56.056+0200 [DEBUG] [org.gradle.cache.internal.DefaultFileLockManager] Releasing lock on daemon addresses registry.
2025-10-12T23:58:56.057+0200 [DEBUG] [org.gradle.cache.internal.DefaultFileLockManager] Waiting to acquire shared lock on daemon addresses registry.
2025-10-12T23:58:56.057+0200 [DEBUG] [org.gradle.cache.internal.DefaultFileLockManager] Lock acquired on daemon addresses registry.
2025-10-12T23:58:56.057+0200 [DEBUG] [org.gradle.cache.internal.DefaultFileLockManager] Releasing lock on daemon addresses registry.
2025-10-12T23:58:56.058+0200 [DEBUG] [org.gradle.cache.internal.DefaultFileLockManager] Waiting to acquire shared lock on daemon addresses registry.
2025-10-12T23:58:56.058+0200 [DEBUG] [org.gradle.cache.internal.DefaultFileLockManager] Lock acquired on daemon addresses registry.
2025-10-12T23:58:56.058+0200 [DEBUG] [org.gradle.cache.internal.DefaultFileLockManager] Releasing lock on daemon addresses registry.
2025-10-12T23:58:58.729+0200 [DEBUG] [org.gradle.process.internal.health.memory.DefaultMemoryManager] 848118169 physical memory requested, 705712128 free
2025-10-12T23:58:58.730+0200 [DEBUG] [org.gradle.workers.internal.WorkerDaemonExpiration] Will attempt to release 808 of memory
2025-10-12T23:58:58.730+0200 [DEBUG] [org.gradle.process.internal.health.memory.DefaultMemoryManager] 848118169 physical memory requested, 0 released, 705712128 free
2025-10-12T23:59:03.724+0200 [DEBUG] [org.gradle.process.internal.health.memory.DefaultMemoryManager] 848118169 physical memory requested, 693469184 free
2025-10-12T23:59:03.724+0200 [DEBUG] [org.gradle.workers.internal.WorkerDaemonExpiration] Will attempt to release 808 of memory
2025-10-12T23:59:03.724+0200 [DEBUG] [org.gradle.process.internal.health.memory.DefaultMemoryManager] 848118169 physical memory requested, 0 released, 693469184 free
2025-10-12T23:59:06.055+0200 [DEBUG] [org.gradle.cache.internal.DefaultFileLockManager] Waiting to acquire shared lock on daemon addresses registry.
2025-10-12T23:59:06.055+0200 [DEBUG] [org.gradle.cache.internal.DefaultFileLockManager] Lock acquired on daemon addresses registry.
2025-10-12T23:59:06.056+0200 [DEBUG] [org.gradle.cache.internal.DefaultFileLockManager] Releasing lock on daemon addresses registry.
2025-10-12T23:59:06.057+0200 [DEBUG] [org.gradle.cache.internal.DefaultFileLockManager] Waiting to acquire shared lock on daemon addresses registry.
2025-10-12T23:59:06.057+0200 [DEBUG] [org.gradle.cache.internal.DefaultFileLockManager] Lock acquired on daemon addresses registry.
2025-10-12T23:59:06.057+0200 [DEBUG] [org.gradle.cache.internal.DefaultFileLockManager] Releasing lock on daemon addresses registry.
2025-10-12T23:59:06.058+0200 [DEBUG] [org.gradle.cache.internal.DefaultFileLockManager] Waiting to acquire shared lock on daemon addresses registry.
2025-10-12T23:59:06.058+0200 [DEBUG] [org.gradle.cache.internal.DefaultFileLockManager] Lock acquired on daemon addresses registry.
2025-10-12T23:59:06.058+0200 [DEBUG] [org.gradle.cache.internal.DefaultFileLockManager] Releasing lock on daemon addresses registry.
2025-10-12T23:59:08.716+0200 [DEBUG] [org.gradle.process.internal.health.memory.DefaultMemoryManager] 848118169 physical memory requested, 674582528 free
2025-10-12T23:59:08.716+0200 [DEBUG] [org.gradle.workers.internal.WorkerDaemonExpiration] Will attempt to release 808 of memory
2025-10-12T23:59:08.717+0200 [DEBUG] [org.gradle.process.internal.health.memory.DefaultMemoryManager] 848118169 physical memory requested, 0 released, 674582528 free
2025-10-12T23:59:13.719+0200 [DEBUG] [org.gradle.process.internal.health.memory.DefaultMemoryManager] 848118169 physical memory requested, 658636800 free
2025-10-12T23:59:13.720+0200 [DEBUG] [org.gradle.workers.internal.WorkerDaemonExpiration] Will attempt to release 808 of memory
2025-10-12T23:59:13.720+0200 [DEBUG] [org.gradle.process.internal.health.memory.DefaultMemoryManager] 848118169 physical memory requested, 0 released, 658636800 free
2025-10-12T23:59:16.057+0200 [DEBUG] [org.gradle.cache.internal.DefaultFileLockManager] Waiting to acquire shared lock on daemon addresses registry.
2025-10-12T23:59:16.058+0200 [DEBUG] [org.gradle.cache.internal.DefaultFileLockManager] Lock acquired on daemon addresses registry.
2025-10-12T23:59:16.059+0200 [DEBUG] [org.gradle.cache.internal.DefaultFileLockManager] Releasing lock on daemon addresses registry.
2025-10-12T23:59:16.063+0200 [DEBUG] [org.gradle.cache.internal.DefaultFileLockManager] Waiting to acquire shared lock on daemon addresses registry.
2025-10-12T23:59:16.063+0200 [DEBUG] [org.gradle.cache.internal.DefaultFileLockManager] Lock acquired on daemon addresses registry.
2025-10-12T23:59:16.064+0200 [DEBUG] [org.gradle.cache.internal.DefaultFileLockManager] Releasing lock on daemon addresses registry.
2025-10-12T23:59:16.067+0200 [DEBUG] [org.gradle.cache.internal.DefaultFileLockManager] Waiting to acquire shared lock on daemon addresses registry.
2025-10-12T23:59:16.068+0200 [DEBUG] [org.gradle.cache.internal.DefaultFileLockManager] Lock acquired on daemon addresses registry.
2025-10-12T23:59:16.069+0200 [DEBUG] [org.gradle.cache.internal.DefaultFileLockManager] Releasing lock on daemon addresses registry.
2025-10-12T23:59:18.715+0200 [DEBUG] [org.gradle.process.internal.health.memory.DefaultMemoryManager] 848118169 physical memory requested, 509911040 free
2025-10-12T23:59:18.715+0200 [DEBUG] [org.gradle.workers.internal.WorkerDaemonExpiration] Will attempt to release 808 of memory
2025-10-12T23:59:18.715+0200 [DEBUG] [org.gradle.process.internal.health.memory.DefaultMemoryManager] 848118169 physical memory requested, 0 released, 509911040 free
2025-10-12T23:59:20.083+0200 [DEBUG] [org.gradle.internal.watch.vfs.impl.WatchingVirtualFileSystem] Handling VFS change CREATED C:\Users\dream\Documents\git_school\KendyMonsters\src\main\kotlin\Test.kt~
2025-10-12T23:59:20.085+0200 [DEBUG] [org.gradle.internal.watch.vfs.impl.WatchingVirtualFileSystem] Handling VFS change MODIFIED C:\Users\dream\Documents\git_school\KendyMonsters\src\main\kotlin\Test.kt
2025-10-12T23:59:23.716+0200 [DEBUG] [org.gradle.process.internal.health.memory.DefaultMemoryManager] 848118169 physical memory requested, 404340736 free
2025-10-12T23:59:23.716+0200 [DEBUG] [org.gradle.workers.internal.WorkerDaemonExpiration] Will attempt to release 808 of memory
2025-10-12T23:59:23.716+0200 [DEBUG] [org.gradle.process.internal.health.memory.DefaultMemoryManager] 848118169 physical memory requested, 0 released, 404340736 free
2025-10-12T23:59:26.056+0200 [DEBUG] [org.gradle.cache.internal.DefaultFileLockManager] Waiting to acquire shared lock on daemon addresses registry.
2025-10-12T23:59:26.056+0200 [DEBUG] [org.gradle.cache.internal.DefaultFileLockManager] Lock acquired on daemon addresses registry.
2025-10-12T23:59:26.056+0200 [DEBUG] [org.gradle.cache.internal.DefaultFileLockManager] Releasing lock on daemon addresses registry.
2025-10-12T23:59:26.057+0200 [DEBUG] [org.gradle.cache.internal.DefaultFileLockManager] Waiting to acquire shared lock on daemon addresses registry.
2025-10-12T23:59:26.057+0200 [DEBUG] [org.gradle.cache.internal.DefaultFileLockManager] Lock acquired on daemon addresses registry.
2025-10-12T23:59:26.057+0200 [DEBUG] [org.gradle.cache.internal.DefaultFileLockManager] Releasing lock on daemon addresses registry.
2025-10-12T23:59:26.058+0200 [DEBUG] [org.gradle.cache.internal.DefaultFileLockManager] Waiting to acquire shared lock on daemon addresses registry.
2025-10-12T23:59:26.058+0200 [DEBUG] [org.gradle.cache.internal.DefaultFileLockManager] Lock acquired on daemon addresses registry.
2025-10-12T23:59:26.058+0200 [DEBUG] [org.gradle.cache.internal.DefaultFileLockManager] Releasing lock on daemon addresses registry.
2025-10-12T23:59:28.715+0200 [DEBUG] [org.gradle.process.internal.health.memory.DefaultMemoryManager] 848118169 physical memory requested, 617590784 free
2025-10-12T23:59:28.716+0200 [DEBUG] [org.gradle.workers.internal.WorkerDaemonExpiration] Will attempt to release 808 of memory
2025-10-12T23:59:28.716+0200 [DEBUG] [org.gradle.process.internal.health.memory.DefaultMemoryManager] 848118169 physical memory requested, 0 released, 617590784 free
2025-10-12T23:59:33.716+0200 [DEBUG] [org.gradle.process.internal.health.memory.DefaultMemoryManager] 848118169 physical memory requested, 532791296 free
2025-10-12T23:59:33.716+0200 [DEBUG] [org.gradle.workers.internal.WorkerDaemonExpiration] Will attempt to release 808 of memory
2025-10-12T23:59:33.716+0200 [DEBUG] [org.gradle.process.internal.health.memory.DefaultMemoryManager] 848118169 physical memory requested, 0 released, 532791296 free
2025-10-12T23:59:36.055+0200 [DEBUG] [org.gradle.cache.internal.DefaultFileLockManager] Waiting to acquire shared lock on daemon addresses registry.
2025-10-12T23:59:36.055+0200 [DEBUG] [org.gradle.cache.internal.DefaultFileLockManager] Lock acquired on daemon addresses registry.
2025-10-12T23:59:36.055+0200 [DEBUG] [org.gradle.cache.internal.DefaultFileLockManager] Releasing lock on daemon addresses registry.
2025-10-12T23:59:36.056+0200 [DEBUG] [org.gradle.cache.internal.DefaultFileLockManager] Waiting to acquire shared lock on daemon addresses registry.
2025-10-12T23:59:36.057+0200 [DEBUG] [org.gradle.cache.internal.DefaultFileLockManager] Lock acquired on daemon addresses registry.
2025-10-12T23:59:36.057+0200 [DEBUG] [org.gradle.cache.internal.DefaultFileLockManager] Releasing lock on daemon addresses registry.
2025-10-12T23:59:36.058+0200 [DEBUG] [org.gradle.cache.internal.DefaultFileLockManager] Waiting to acquire shared lock on daemon addresses registry.
2025-10-12T23:59:36.058+0200 [DEBUG] [org.gradle.cache.internal.DefaultFileLockManager] Lock acquired on daemon addresses registry.
2025-10-12T23:59:36.058+0200 [DEBUG] [org.gradle.cache.internal.DefaultFileLockManager] Releasing lock on daemon addresses registry.
2025-10-12T23:59:38.716+0200 [DEBUG] [org.gradle.process.internal.health.memory.DefaultMemoryManager] 848118169 physical memory requested, 696020992 free
2025-10-12T23:59:38.716+0200 [DEBUG] [org.gradle.workers.internal.WorkerDaemonExpiration] Will attempt to release 808 of memory
2025-10-12T23:59:38.716+0200 [DEBUG] [org.gradle.process.internal.health.memory.DefaultMemoryManager] 848118169 physical memory requested, 0 released, 696020992 free
2025-10-12T23:59:43.716+0200 [DEBUG] [org.gradle.process.internal.health.memory.DefaultMemoryManager] 848118169 physical memory requested, 704540672 free
2025-10-12T23:59:43.716+0200 [DEBUG] [org.gradle.workers.internal.WorkerDaemonExpiration] Will attempt to release 808 of memory
2025-10-12T23:59:43.716+0200 [DEBUG] [org.gradle.process.internal.health.memory.DefaultMemoryManager] 848118169 physical memory requested, 0 released, 704540672 free
2025-10-12T23:59:45.469+0200 [DEBUG] [org.gradle.internal.remote.internal.inet.TcpIncomingConnector] Accepted connection from /127.0.0.1:52468 to /127.0.0.1:52332.
2025-10-12T23:59:45.474+0200 [DEBUG] [org.gradle.internal.remote.internal.inet.TcpIncomingConnector] Accepted connection from /127.0.0.1:52469 to /127.0.0.1:52332.
2025-10-12T23:59:45.479+0200 [DEBUG] [org.gradle.launcher.daemon.server.SynchronizedDispatchConnection] thread 172: received class org.gradle.launcher.daemon.protocol.InvalidateVirtualFileSystemAfterChange
2025-10-12T23:59:45.479+0200 [DEBUG] [org.gradle.launcher.daemon.server.DefaultDaemonConnection] thread 172: Received non-IO message from client: InvalidateVirtualFileSystemAfterChange[id=c447ae45-53f5-491e-af04-70fc74b8b2f1]
2025-10-12T23:59:45.479+0200 [INFO] [org.gradle.launcher.daemon.server.DefaultIncomingConnectionHandler] Received command: InvalidateVirtualFileSystemAfterChange[id=c447ae45-53f5-491e-af04-70fc74b8b2f1].
2025-10-12T23:59:45.479+0200 [DEBUG] [org.gradle.launcher.daemon.server.DefaultIncomingConnectionHandler] Starting executing command: InvalidateVirtualFileSystemAfterChange[id=c447ae45-53f5-491e-af04-70fc74b8b2f1] with connection: socket connection from /127.0.0.1:52332 to /127.0.0.1:52468.
2025-10-12T23:59:45.480+0200 [INFO] [org.gradle.launcher.daemon.server.api.HandleInvalidateVirtualFileSystem] Invalidating [C:\Users\dream\Documents\git_school\KendyMonsters\src\main\kotlin\Test.kt]
2025-10-12T23:59:45.480+0200 [DEBUG] [org.gradle.internal.vfs.impl.AbstractVirtualFileSystem] Invalidating VFS paths: [C:\Users\dream\Documents\git_school\KendyMonsters\src\main\kotlin\Test.kt]
2025-10-12T23:59:45.480+0200 [DEBUG] [org.gradle.launcher.daemon.server.SynchronizedDispatchConnection] thread 171: dispatching Success[value=null]
2025-10-12T23:59:45.480+0200 [DEBUG] [org.gradle.launcher.daemon.server.DefaultIncomingConnectionHandler] Finishing executing command: InvalidateVirtualFileSystemAfterChange[id=c447ae45-53f5-491e-af04-70fc74b8b2f1]
2025-10-12T23:59:45.481+0200 [DEBUG] [org.gradle.launcher.daemon.server.SynchronizedDispatchConnection] thread 172: received class org.gradle.launcher.daemon.protocol.Finished
2025-10-12T23:59:45.481+0200 [DEBUG] [org.gradle.launcher.daemon.server.DefaultDaemonConnection] thread 172: Received non-IO message from client: org.gradle.launcher.daemon.protocol.Finished@7773bfe1
2025-10-12T23:59:45.481+0200 [DEBUG] [org.gradle.launcher.daemon.server.DefaultIncomingConnectionHandler] Received finished message: org.gradle.launcher.daemon.protocol.Finished@7773bfe1
2025-10-12T23:59:45.481+0200 [DEBUG] [org.gradle.launcher.daemon.server.SynchronizedDispatchConnection] thread 171: stopping connection
2025-10-12T23:59:45.481+0200 [DEBUG] [org.gradle.internal.remote.internal.inet.SocketConnection] Discarding EOFException: java.io.EOFException
2025-10-12T23:59:45.481+0200 [DEBUG] [org.gradle.launcher.daemon.server.SynchronizedDispatchConnection] thread 172: received null
2025-10-12T23:59:45.481+0200 [DEBUG] [org.gradle.launcher.daemon.server.DefaultDaemonConnection] thread 172: Received end-of-input from client.
2025-10-12T23:59:45.482+0200 [DEBUG] [org.gradle.launcher.daemon.server.SynchronizedDispatchConnection] thread 171: stopping connection
2025-10-12T23:59:45.482+0200 [DEBUG] [org.gradle.launcher.daemon.server.SynchronizedDispatchConnection] thread 174: received class org.gradle.launcher.daemon.protocol.Build
2025-10-12T23:59:45.482+0200 [DEBUG] [org.gradle.launcher.daemon.server.DefaultDaemonConnection] thread 174: Received non-IO message from client: Build{id=df1a0e53-e3a5-40e9-b6be-df0467119c76, currentDir=C:\Users\dream\Documents\git_school\KendyMonsters}
2025-10-12T23:59:45.482+0200 [INFO] [org.gradle.launcher.daemon.server.DefaultIncomingConnectionHandler] Received command: Build{id=df1a0e53-e3a5-40e9-b6be-df0467119c76, currentDir=C:\Users\dream\Documents\git_school\KendyMonsters}.
2025-10-12T23:59:45.483+0200 [DEBUG] [org.gradle.launcher.daemon.server.DefaultIncomingConnectionHandler] Starting executing command: Build{id=df1a0e53-e3a5-40e9-b6be-df0467119c76, currentDir=C:\Users\dream\Documents\git_school\KendyMonsters} with connection: socket connection from /127.0.0.1:52332 to /127.0.0.1:52469.
2025-10-12T23:59:45.483+0200 [DEBUG] [org.gradle.launcher.daemon.server.DaemonStateCoordinator] Command execution: started DaemonCommandExecution[command = Build{id=df1a0e53-e3a5-40e9-b6be-df0467119c76, currentDir=C:\Users\dream\Documents\git_school\KendyMonsters}, connection = DefaultDaemonConnection: socket connection from /127.0.0.1:52332 to /127.0.0.1:52469] after 2.6870166666666666 minutes of idle
2025-10-12T23:59:45.483+0200 [INFO] [org.gradle.launcher.daemon.server.DaemonRegistryUpdater] Marking the daemon as busy, address: [a4e0bc31-3547-40e9-a955-b13245288222 port:52332, addresses:[localhost/127.0.0.1]]
2025-10-12T23:59:45.483+0200 [DEBUG] [org.gradle.launcher.daemon.registry.PersistentDaemonRegistry] Marking busy by address: [a4e0bc31-3547-40e9-a955-b13245288222 port:52332, addresses:[localhost/127.0.0.1]]
2025-10-12T23:59:45.484+0200 [DEBUG] [org.gradle.cache.internal.DefaultFileLockManager] Waiting to acquire exclusive lock on daemon addresses registry.
2025-10-12T23:59:45.484+0200 [DEBUG] [org.gradle.cache.internal.DefaultFileLockManager] Lock acquired on daemon addresses registry.
2025-10-12T23:59:45.486+0200 [DEBUG] [org.gradle.cache.internal.DefaultFileLockManager] Releasing lock on daemon addresses registry.
2025-10-12T23:59:45.486+0200 [DEBUG] [org.gradle.launcher.daemon.server.DaemonStateCoordinator] resetting idle timer
2025-10-12T23:59:45.486+0200 [DEBUG] [org.gradle.launcher.daemon.server.DaemonStateCoordinator] daemon is running. Sleeping until state changes.
2025-10-12T23:59:45.487+0200 [INFO] [org.gradle.launcher.daemon.server.exec.StartBuildOrRespondWithBusy] Daemon is about to start building Build{id=df1a0e53-e3a5-40e9-b6be-df0467119c76, currentDir=C:\Users\dream\Documents\git_school\KendyMonsters}. Dispatching build started information...
2025-10-12T23:59:45.487+0200 [DEBUG] [org.gradle.launcher.daemon.server.SynchronizedDispatchConnection] thread 176: dispatching org.gradle.launcher.daemon.protocol.BuildStarted@6eeeca5a
2025-10-12T23:59:45.488+0200 [DEBUG] [org.gradle.launcher.daemon.server.exec.EstablishBuildEnvironment] Configuring env variables: [USERDOMAIN_ROAMINGPROFILE, LOCALAPPDATA, PROCESSOR_LEVEL, USERDOMAIN, LOGONSERVER, SESSIONNAME, ALLUSERSPROFILE, PROCESSOR_ARCHITECTURE, PSModulePath, SystemDrive, OneDrive, APPDATA, USERNAME, ProgramFiles(x86), VBOX_MSI_INSTALL_PATH, CommonProgramFiles, Path, PATHEXT, DriverData, OS, OneDriveConsumer, COMPUTERNAME, PROCESSOR_REVISION, CommonProgramW6432, PyCharm Community Edition, ComSpec, ProgramData, ProgramW6432, TEMP, HOMEPATH, SystemRoot, PROCESSOR_IDENTIFIER, HOMEDRIVE, USERPROFILE, TMP, CommonProgramFiles(x86), ProgramFiles, PUBLIC, windir, NUMBER_OF_PROCESSORS, =::]
2025-10-12T23:59:45.489+0200 [DEBUG] [org.gradle.launcher.daemon.server.exec.LogToClient] About to start relaying all logs to the client via the connection.
2025-10-12T23:59:45.489+0200 [INFO] [org.gradle.launcher.daemon.server.exec.LogToClient] The client will now receive all logging from the daemon (pid: 12392). The daemon log file: C:\Users\dream\Documents\git_school\KendyMonsters\gradle\daemon\8.14\daemon-12392.out.log
2025-10-12T23:59:45.497+0200 [INFO] [org.gradle.launcher.daemon.server.exec.LogAndCheckHealth] Starting 2nd build in daemon [uptime: 2 mins 59.861 secs, performance: 100%, GC rate: 0.00/s, heap usage: 0% of 512 MiB, non-heap usage: 22% of 384 MiB]
2025-10-12T23:59:45.498+0200 [DEBUG] [org.gradle.launcher.daemon.server.exec.ExecuteBuild] The daemon has started executing the build.
2025-10-12T23:59:45.498+0200 [DEBUG] [org.gradle.launcher.daemon.server.exec.ExecuteBuild] Executing build with daemon context: DefaultDaemonContext[uid=7b2cb46a-e54e-40e9-a59e-5e09860301c9,javaHome=C:\Users\dream\.jdks\ms-21.0.8,javaVersion=21,javaVendor=Microsoft,daemonRegistryDir=C:\Users\dream\Documents\git_school\KendyMonsters\gradle\daemon,pid=12392,idleTimeout=10800000,priority=NORMAL,applyInstrumentationAgent=true,nativeServicesMode=ENABLED,daemonOpts=-XX:MaxMetaspaceSize=384m,-XX:+HeapDumpOnOutOfMemoryError,-Xms256m,-Xmx512m,-Dfile.encoding=UTF-8,-Duser.country=FR,-Duser.language=fr,-Duser.variant]
e: file:///C:/Users/dream/Documents/git_school/KendyMonsters/src/main/kotlin/Test.kt:40:81 Argument type mismatch: actual type is 'String', but 'Int' was expected.
e: file:///C:/Users/dream/Documents/git_school/KendyMonsters/src/main/kotlin/Test.kt:40:81 No value passed for parameter 'basePv'.
e: file:///C:/Users/dream/Documents/git_school/KendyMonsters/src/main/kotlin/Test.kt:40:81 No value passed for parameter 'modAttaque'.
e: file:///C:/Users/dream/Documents/git_school/KendyMonsters/src/main/kotlin/Test.kt:40:81 No value passed for parameter 'modDefense'.
e: file:///C:/Users/dream/Documents/git_school/KendyMonsters/src/main/kotlin/Test.kt:40:81 No value passed for parameter 'modVitesse'.
e: file:///C:/Users/dream/Documents/git_school/KendyMonsters/src/main/kotlin/Test.kt:40:81 No value passed for parameter 'modAttaqueSpe'.
e: file:///C:/Users/dream/Documents/git_school/KendyMonsters/src/main/kotlin/Test.kt:40:81 No value passed for parameter 'modDefenseSpe'.
e: file:///C:/Users/dream/Documents/git_school/KendyMonsters/src/main/kotlin/Test.kt:40:81 No value passed for parameter 'modPv'.

FAILURE: Build failed with an exception.

* What went wrong:
Execution failed for task ':compileKotlin'.
> A failure occurred while executing org.jetbrains.kotlin.compilerRunner.GradleCompilerRunnerWithWorkers$GradleKotlinCompilerWorkAction
   > Compilation error. See log for more details

* Try:
> Run with --stacktrace option to get the stack trace.
> Run with --info or --debug option to get more log output.
> Run with --scan to get full insights.
> Get more help at https://help.gradle.org.

BUILD FAILED in 1s
2 actionable tasks: 1 executed, 1 up-to-date
2025-10-12T23:59:47.474+0200 [DEBUG] [org.gradle.launcher.daemon.server.exec.ExecuteBuild] The daemon has finished executing the build.
2025-10-12T23:59:47.484+0200 [DEBUG] [org.gradle.launcher.daemon.server.DaemonStateCoordinator] daemon is running. Sleeping until state changes.
2025-10-12T23:59:47.485+0200 [DEBUG] [org.gradle.launcher.daemon.server.DaemonStateCoordinator] Command execution: finished waiting for DaemonCommandExecution[command = Build{id=df1a0e53-e3a5-40e9-b6be-df0467119c76, currentDir=C:\Users\dream\Documents\git_school\KendyMonsters}, connection = DefaultDaemonConnection: socket connection from /127.0.0.1:52332 to /127.0.0.1:52469]. Result org.gradle.launcher.daemon.server.DaemonStateCoordinator@357dcee7 with state Busy
2025-10-12T23:59:47.485+0200 [DEBUG] [org.gradle.launcher.daemon.server.DaemonStateCoordinator] Command execution: completed DaemonCommandExecution[command = Build{id=df1a0e53-e3a5-40e9-b6be-df0467119c76, currentDir=C:\Users\dream\Documents\git_school\KendyMonsters}, connection = DefaultDaemonConnection: socket connection from /127.0.0.1:52332 to /127.0.0.1:52469]
2025-10-12T23:59:47.485+0200 [DEBUG] [org.gradle.launcher.daemon.server.DaemonStateCoordinator] resetting idle timer
2025-10-12T23:59:47.485+0200 [INFO] [org.gradle.launcher.daemon.server.DaemonRegistryUpdater] Marking the daemon as idle, address: [a4e0bc31-3547-40e9-a955-b13245288222 port:52332, addresses:[localhost/127.0.0.1]]
2025-10-12T23:59:47.485+0200 [DEBUG] [org.gradle.launcher.daemon.registry.PersistentDaemonRegistry] Marking busy by address: [a4e0bc31-3547-40e9-a955-b13245288222 port:52332, addresses:[localhost/127.0.0.1]]
2025-10-12T23:59:47.487+0200 [DEBUG] [org.gradle.cache.internal.DefaultFileLockManager] Waiting to acquire exclusive lock on daemon addresses registry.
2025-10-12T23:59:47.488+0200 [DEBUG] [org.gradle.cache.internal.DefaultFileLockManager] Lock acquired on daemon addresses registry.
2025-10-12T23:59:47.489+0200 [DEBUG] [org.gradle.cache.internal.DefaultFileLockManager] Releasing lock on daemon addresses registry.
2025-10-12T23:59:47.490+0200 [DEBUG] [org.gradle.launcher.daemon.server.exec.ReturnResult] Daemon is dispatching the build result: Success[value=org.gradle.launcher.exec.BuildActionResult@4e998a44]
2025-10-12T23:59:47.490+0200 [DEBUG] [org.gradle.launcher.daemon.server.SynchronizedDispatchConnection] thread 173: dispatching Success[value=org.gradle.launcher.exec.BuildActionResult@4e998a44]
2025-10-12T23:59:47.490+0200 [DEBUG] [org.gradle.launcher.daemon.server.DaemonStateCoordinator] daemon is running. Sleeping until state changes.
2025-10-12T23:59:47.505+0200 [DEBUG] [org.gradle.launcher.daemon.server.DefaultIncomingConnectionHandler] Finishing executing command: Build{id=df1a0e53-e3a5-40e9-b6be-df0467119c76, currentDir=C:\Users\dream\Documents\git_school\KendyMonsters}
2025-10-12T23:59:47.505+0200 [DEBUG] [org.gradle.launcher.daemon.server.exec.CleanUpVirtualFileSystemAfterBuild] Cleaning virtual file system after build finished
2025-10-12T23:59:47.532+0200 [DEBUG] [org.gradle.launcher.daemon.server.SynchronizedDispatchConnection] thread 174: received class org.gradle.launcher.daemon.protocol.CloseInput
2025-10-12T23:59:47.533+0200 [DEBUG] [org.gradle.launcher.daemon.server.DefaultDaemonConnection] thread 174: Received IO message from client: org.gradle.launcher.daemon.protocol.CloseInput@c1df26d
2025-10-12T23:59:47.533+0200 [DEBUG] [org.gradle.launcher.daemon.server.SynchronizedDispatchConnection] thread 174: received class org.gradle.launcher.daemon.protocol.Finished
2025-10-12T23:59:47.533+0200 [DEBUG] [org.gradle.launcher.daemon.server.DefaultDaemonConnection] thread 174: Received non-IO message from client: org.gradle.launcher.daemon.protocol.Finished@2da1d9e
2025-10-12T23:59:47.533+0200 [DEBUG] [org.gradle.launcher.daemon.server.DefaultIncomingConnectionHandler] Received finished message: org.gradle.launcher.daemon.protocol.Finished@2da1d9e
2025-10-12T23:59:47.533+0200 [DEBUG] [org.gradle.launcher.daemon.server.SynchronizedDispatchConnection] thread 173: stopping connection
2025-10-12T23:59:47.533+0200 [DEBUG] [org.gradle.internal.remote.internal.inet.SocketConnection] Discarding EOFException: java.io.EOFException
2025-10-12T23:59:47.534+0200 [DEBUG] [org.gradle.launcher.daemon.server.SynchronizedDispatchConnection] thread 174: received null
2025-10-12T23:59:47.534+0200 [DEBUG] [org.gradle.launcher.daemon.server.DefaultDaemonConnection] thread 174: Received end-of-input from client.
2025-10-12T23:59:47.534+0200 [DEBUG] [org.gradle.launcher.daemon.server.SynchronizedDispatchConnection] thread 173: stopping connection
2025-10-12T23:59:48.722+0200 [DEBUG] [org.gradle.process.internal.health.memory.DefaultMemoryManager] 848118169 physical memory requested, 535887872 free
2025-10-12T23:59:48.722+0200 [DEBUG] [org.gradle.workers.internal.WorkerDaemonExpiration] Will attempt to release 808 of memory
2025-10-12T23:59:48.722+0200 [DEBUG] [org.gradle.process.internal.health.memory.DefaultMemoryManager] 848118169 physical memory requested, 0 released, 535887872 free
2025-10-12T23:59:53.719+0200 [DEBUG] [org.gradle.process.internal.health.memory.DefaultMemoryManager] 848118169 physical memory requested, 556355584 free
2025-10-12T23:59:53.719+0200 [DEBUG] [org.gradle.workers.internal.WorkerDaemonExpiration] Will attempt to release 808 of memory
2025-10-12T23:59:53.719+0200 [DEBUG] [org.gradle.process.internal.health.memory.DefaultMemoryManager] 848118169 physical memory requested, 0 released, 556355584 free
2025-10-12T23:59:56.055+0200 [DEBUG] [org.gradle.cache.internal.DefaultFileLockManager] Waiting to acquire shared lock on daemon addresses registry.
2025-10-12T23:59:56.055+0200 [DEBUG] [org.gradle.cache.internal.DefaultFileLockManager] Lock acquired on daemon addresses registry.
2025-10-12T23:59:56.055+0200 [DEBUG] [org.gradle.cache.internal.DefaultFileLockManager] Releasing lock on daemon addresses registry.
2025-10-12T23:59:56.056+0200 [DEBUG] [org.gradle.cache.internal.DefaultFileLockManager] Waiting to acquire shared lock on daemon addresses registry.
2025-10-12T23:59:56.056+0200 [DEBUG] [org.gradle.cache.internal.DefaultFileLockManager] Lock acquired on daemon addresses registry.
2025-10-12T23:59:56.057+0200 [DEBUG] [org.gradle.cache.internal.DefaultFileLockManager] Releasing lock on daemon addresses registry.
2025-10-12T23:59:58.718+0200 [DEBUG] [org.gradle.process.internal.health.memory.DefaultMemoryManager] 848118169 physical memory requested, 561528832 free
2025-10-12T23:59:58.718+0200 [DEBUG] [org.gradle.workers.internal.WorkerDaemonExpiration] Will attempt to release 808 of memory
2025-10-12T23:59:58.718+0200 [DEBUG] [org.gradle.process.internal.health.memory.DefaultMemoryManager] 848118169 physical memory requested, 0 released, 561528832 free
2025-10-13T00:00:03.716+0200 [DEBUG] [org.gradle.process.internal.health.memory.DefaultMemoryManager] 848118169 physical memory requested, 537755648 free
2025-10-13T00:00:03.716+0200 [DEBUG] [org.gradle.workers.internal.WorkerDaemonExpiration] Will attempt to release 808 of memory
2025-10-13T00:00:03.716+0200 [DEBUG] [org.gradle.process.internal.health.memory.DefaultMemoryManager] 848118169 physical memory requested, 0 released, 537755648 free
2025-10-13T00:00:06.057+0200 [DEBUG] [org.gradle.cache.internal.DefaultFileLockManager] Waiting to acquire shared lock on daemon addresses registry.
2025-10-13T00:00:06.057+0200 [DEBUG] [org.gradle.cache.internal.DefaultFileLockManager] Lock acquired on daemon addresses registry.
2025-10-13T00:00:06.057+0200 [DEBUG] [org.gradle.cache.internal.DefaultFileLockManager] Releasing lock on daemon addresses registry.
2025-10-13T00:00:06.058+0200 [DEBUG] [org.gradle.cache.internal.DefaultFileLockManager] Waiting to acquire shared lock on daemon addresses registry.
2025-10-13T00:00:06.058+0200 [DEBUG] [org.gradle.cache.internal.DefaultFileLockManager] Lock acquired on daemon addresses registry.
2025-10-13T00:00:06.059+0200 [DEBUG] [org.gradle.cache.internal.DefaultFileLockManager] Releasing lock on daemon addresses registry.
2025-10-13T00:00:06.060+0200 [DEBUG] [org.gradle.cache.internal.DefaultFileLockManager] Waiting to acquire shared lock on daemon addresses registry.
2025-10-13T00:00:06.060+0200 [DEBUG] [org.gradle.cache.internal.DefaultFileLockManager] Lock acquired on daemon addresses registry.
2025-10-13T00:00:06.060+0200 [DEBUG] [org.gradle.cache.internal.DefaultFileLockManager] Releasing lock on daemon addresses registry.
2025-10-13T00:00:08.718+0200 [DEBUG] [org.gradle.process.internal.health.memory.DefaultMemoryManager] 848118169 physical memory requested, 622747648 free
2025-10-13T00:00:08.718+0200 [DEBUG] [org.gradle.workers.internal.WorkerDaemonExpiration] Will attempt to release 808 of memory
2025-10-13T00:00:08.718+0200 [DEBUG] [org.gradle.process.internal.health.memory.DefaultMemoryManager] 848118169 physical memory requested, 0 released, 622747648 free
2025-10-13T00:00:13.715+0200 [DEBUG] [org.gradle.process.internal.health.memory.DefaultMemoryManager] 848118169 physical memory requested, 614387712 free
2025-10-13T00:00:13.715+0200 [DEBUG] [org.gradle.workers.internal.WorkerDaemonExpiration] Will attempt to release 808 of memory
2025-10-13T00:00:13.715+0200 [DEBUG] [org.gradle.process.internal.health.memory.DefaultMemoryManager] 848118169 physical memory requested, 0 released, 614387712 free
2025-10-13T00:00:16.055+0200 [DEBUG] [org.gradle.cache.internal.DefaultFileLockManager] Waiting to acquire shared lock on daemon addresses registry.
2025-10-13T00:00:16.055+0200 [DEBUG] [org.gradle.cache.internal.DefaultFileLockManager] Lock acquired on daemon addresses registry.
2025-10-13T00:00:16.055+0200 [DEBUG] [org.gradle.cache.internal.DefaultFileLockManager] Releasing lock on daemon addresses registry.
2025-10-13T00:00:16.056+0200 [DEBUG] [org.gradle.cache.internal.DefaultFileLockManager] Waiting to acquire shared lock on daemon addresses registry.
2025-10-13T00:00:16.056+0200 [DEBUG] [org.gradle.cache.internal.DefaultFileLockManager] Lock acquired on daemon addresses registry.
2025-10-13T00:00:16.056+0200 [DEBUG] [org.gradle.cache.internal.DefaultFileLockManager] Releasing lock on daemon addresses registry.
2025-10-13T00:00:16.057+0200 [DEBUG] [org.gradle.cache.internal.DefaultFileLockManager] Waiting to acquire shared lock on daemon addresses registry.
2025-10-13T00:00:16.057+0200 [DEBUG] [org.gradle.cache.internal.DefaultFileLockManager] Lock acquired on daemon addresses registry.
2025-10-13T00:00:16.057+0200 [DEBUG] [org.gradle.cache.internal.DefaultFileLockManager] Releasing lock on daemon addresses registry.
2025-10-13T00:00:16.595+0200 [DEBUG] [sun.rmi.transport.tcp] RMI Scheduler(0): close connection, socket: Socket[addr=localhost/127.0.0.1,port=17661,localport=52470]
2025-10-13T00:00:16.603+0200 [DEBUG] [sun.rmi.transport.tcp] RMI Scheduler(0): close connection, socket: Socket[addr=localhost/127.0.0.1,port=17661,localport=52471]
2025-10-13T00:00:16.644+0200 [DEBUG] [sun.rmi.transport.tcp] RMI TCP Connection(2)-127.0.0.1: (port 52349) connection closed
2025-10-13T00:00:16.644+0200 [DEBUG] [sun.rmi.transport.tcp] RMI TCP Connection(2)-127.0.0.1: close connection, socket: Socket[addr=/127.0.0.1,port=52472,localport=52349]
2025-10-13T00:00:16.644+0200 [DEBUG] [sun.rmi.transport.tcp] RMI TCP Connection(2)-127.0.0.1: socket close: Socket[addr=/127.0.0.1,port=52472,localport=52349]
2025-10-13T00:00:18.719+0200 [DEBUG] [org.gradle.process.internal.health.memory.DefaultMemoryManager] 848118169 physical memory requested, 555003904 free
2025-10-13T00:00:18.719+0200 [DEBUG] [org.gradle.workers.internal.WorkerDaemonExpiration] Will attempt to release 808 of memory
2025-10-13T00:00:18.719+0200 [DEBUG] [org.gradle.process.internal.health.memory.DefaultMemoryManager] 848118169 physical memory requested, 0 released, 555003904 free
2025-10-13T00:00:23.715+0200 [DEBUG] [org.gradle.process.internal.health.memory.DefaultMemoryManager] 848118169 physical memory requested, 620429312 free
2025-10-13T00:00:23.715+0200 [DEBUG] [org.gradle.workers.internal.WorkerDaemonExpiration] Will attempt to release 808 of memory
2025-10-13T00:00:23.715+0200 [DEBUG] [org.gradle.process.internal.health.memory.DefaultMemoryManager] 848118169 physical memory requested, 0 released, 620429312 free
2025-10-13T00:00:26.056+0200 [DEBUG] [org.gradle.cache.internal.DefaultFileLockManager] Waiting to acquire shared lock on daemon addresses registry.
2025-10-13T00:00:26.056+0200 [DEBUG] [org.gradle.cache.internal.DefaultFileLockManager] Lock acquired on daemon addresses registry.
2025-10-13T00:00:26.057+0200 [DEBUG] [org.gradle.cache.internal.DefaultFileLockManager] Releasing lock on daemon addresses registry.
2025-10-13T00:00:26.059+0200 [DEBUG] [org.gradle.cache.internal.DefaultFileLockManager] Waiting to acquire shared lock on daemon addresses registry.
2025-10-13T00:00:26.059+0200 [DEBUG] [org.gradle.cache.internal.DefaultFileLockManager] Lock acquired on daemon addresses registry.
2025-10-13T00:00:26.059+0200 [DEBUG] [org.gradle.cache.internal.DefaultFileLockManager] Releasing lock on daemon addresses registry.
2025-10-13T00:00:26.061+0200 [DEBUG] [org.gradle.cache.internal.DefaultFileLockManager] Waiting to acquire shared lock on daemon addresses registry.
2025-10-13T00:00:26.061+0200 [DEBUG] [org.gradle.cache.internal.DefaultFileLockManager] Lock acquired on daemon addresses registry.
2025-10-13T00:00:26.061+0200 [DEBUG] [org.gradle.cache.internal.DefaultFileLockManager] Releasing lock on daemon addresses registry.
2025-10-13T00:00:28.722+0200 [DEBUG] [org.gradle.process.internal.health.memory.DefaultMemoryManager] 848118169 physical memory requested, 617320448 free
2025-10-13T00:00:28.722+0200 [DEBUG] [org.gradle.workers.internal.WorkerDaemonExpiration] Will attempt to release 808 of memory
2025-10-13T00:00:28.722+0200 [DEBUG] [org.gradle.process.internal.health.memory.DefaultMemoryManager] 848118169 physical memory requested, 0 released, 617320448 free
2025-10-13T00:00:33.719+0200 [DEBUG] [org.gradle.process.internal.health.memory.DefaultMemoryManager] 848118169 physical memory requested, 610402304 free
2025-10-13T00:00:33.719+0200 [DEBUG] [org.gradle.workers.internal.WorkerDaemonExpiration] Will attempt to release 808 of memory
2025-10-13T00:00:33.719+0200 [DEBUG] [org.gradle.process.internal.health.memory.DefaultMemoryManager] 848118169 physical memory requested, 0 released, 610402304 free
2025-10-13T00:00:36.056+0200 [DEBUG] [org.gradle.cache.internal.DefaultFileLockManager] Waiting to acquire shared lock on daemon addresses registry.
2025-10-13T00:00:36.056+0200 [DEBUG] [org.gradle.cache.internal.DefaultFileLockManager] Lock acquired on daemon addresses registry.
2025-10-13T00:00:36.057+0200 [DEBUG] [org.gradle.cache.internal.DefaultFileLockManager] Releasing lock on daemon addresses registry.
2025-10-13T00:00:36.058+0200 [DEBUG] [org.gradle.cache.internal.DefaultFileLockManager] Waiting to acquire shared lock on daemon addresses registry.
2025-10-13T00:00:36.058+0200 [DEBUG] [org.gradle.cache.internal.DefaultFileLockManager] Lock acquired on daemon addresses registry.
2025-10-13T00:00:36.058+0200 [DEBUG] [org.gradle.cache.internal.DefaultFileLockManager] Releasing lock on daemon addresses registry.
2025-10-13T00:00:36.059+0200 [DEBUG] [org.gradle.cache.internal.DefaultFileLockManager] Waiting to acquire shared lock on daemon addresses registry.
2025-10-13T00:00:36.059+0200 [DEBUG] [org.gradle.cache.internal.DefaultFileLockManager] Lock acquired on daemon addresses registry.
2025-10-13T00:00:36.060+0200 [DEBUG] [org.gradle.cache.internal.DefaultFileLockManager] Releasing lock on daemon addresses registry.
2025-10-13T00:00:38.716+0200 [DEBUG] [org.gradle.process.internal.health.memory.DefaultMemoryManager] 848118169 physical memory requested, 688594944 free
2025-10-13T00:00:38.716+0200 [DEBUG] [org.gradle.workers.internal.WorkerDaemonExpiration] Will attempt to release 808 of memory
2025-10-13T00:00:38.716+0200 [DEBUG] [org.gradle.process.internal.health.memory.DefaultMemoryManager] 848118169 physical memory requested, 0 released, 688594944 free
2025-10-13T00:00:43.719+0200 [DEBUG] [org.gradle.process.internal.health.memory.DefaultMemoryManager] 848118169 physical memory requested, 678166528 free
2025-10-13T00:00:43.720+0200 [DEBUG] [org.gradle.workers.internal.WorkerDaemonExpiration] Will attempt to release 808 of memory
2025-10-13T00:00:43.720+0200 [DEBUG] [org.gradle.process.internal.health.memory.DefaultMemoryManager] 848118169 physical memory requested, 0 released, 678166528 free
2025-10-13T00:00:46.055+0200 [DEBUG] [org.gradle.cache.internal.DefaultFileLockManager] Waiting to acquire shared lock on daemon addresses registry.
2025-10-13T00:00:46.056+0200 [DEBUG] [org.gradle.cache.internal.DefaultFileLockManager] Lock acquired on daemon addresses registry.
2025-10-13T00:00:46.056+0200 [DEBUG] [org.gradle.cache.internal.DefaultFileLockManager] Releasing lock on daemon addresses registry.
2025-10-13T00:00:46.057+0200 [DEBUG] [org.gradle.cache.internal.DefaultFileLockManager] Waiting to acquire shared lock on daemon addresses registry.
2025-10-13T00:00:46.057+0200 [DEBUG] [org.gradle.cache.internal.DefaultFileLockManager] Lock acquired on daemon addresses registry.
2025-10-13T00:00:46.058+0200 [DEBUG] [org.gradle.cache.internal.DefaultFileLockManager] Releasing lock on daemon addresses registry.
2025-10-13T00:00:46.058+0200 [DEBUG] [org.gradle.cache.internal.DefaultFileLockManager] Waiting to acquire shared lock on daemon addresses registry.
2025-10-13T00:00:46.059+0200 [DEBUG] [org.gradle.cache.internal.DefaultFileLockManager] Lock acquired on daemon addresses registry.
2025-10-13T00:00:46.059+0200 [DEBUG] [org.gradle.cache.internal.DefaultFileLockManager] Releasing lock on daemon addresses registry.
2025-10-13T00:00:48.717+0200 [DEBUG] [org.gradle.process.internal.health.memory.DefaultMemoryManager] 848118169 physical memory requested, 672788480 free
2025-10-13T00:00:48.717+0200 [DEBUG] [org.gradle.workers.internal.WorkerDaemonExpiration] Will attempt to release 808 of memory
2025-10-13T00:00:48.717+0200 [DEBUG] [org.gradle.process.internal.health.memory.DefaultMemoryManager] 848118169 physical memory requested, 0 released, 672788480 free
2025-10-13T00:00:53.717+0200 [DEBUG] [org.gradle.process.internal.health.memory.DefaultMemoryManager] 848118169 physical memory requested, 661590016 free
2025-10-13T00:00:53.717+0200 [DEBUG] [org.gradle.workers.internal.WorkerDaemonExpiration] Will attempt to release 808 of memory
2025-10-13T00:00:53.717+0200 [DEBUG] [org.gradle.process.internal.health.memory.DefaultMemoryManager] 848118169 physical memory requested, 0 released, 661590016 free
2025-10-13T00:00:56.056+0200 [DEBUG] [org.gradle.cache.internal.DefaultFileLockManager] Waiting to acquire shared lock on daemon addresses registry.
2025-10-13T00:00:56.056+0200 [DEBUG] [org.gradle.cache.internal.DefaultFileLockManager] Lock acquired on daemon addresses registry.
2025-10-13T00:00:56.056+0200 [DEBUG] [org.gradle.cache.internal.DefaultFileLockManager] Releasing lock on daemon addresses registry.
2025-10-13T00:00:56.059+0200 [DEBUG] [org.gradle.cache.internal.DefaultFileLockManager] Waiting to acquire shared lock on daemon addresses registry.
2025-10-13T00:00:56.059+0200 [DEBUG] [org.gradle.cache.internal.DefaultFileLockManager] Lock acquired on daemon addresses registry.
2025-10-13T00:00:56.059+0200 [DEBUG] [org.gradle.cache.internal.DefaultFileLockManager] Releasing lock on daemon addresses registry.
2025-10-13T00:00:56.061+0200 [DEBUG] [org.gradle.cache.internal.DefaultFileLockManager] Waiting to acquire shared lock on daemon addresses registry.
2025-10-13T00:00:56.061+0200 [DEBUG] [org.gradle.cache.internal.DefaultFileLockManager] Lock acquired on daemon addresses registry.
2025-10-13T00:00:56.062+0200 [DEBUG] [org.gradle.cache.internal.DefaultFileLockManager] Releasing lock on daemon addresses registry.
2025-10-13T00:00:58.714+0200 [DEBUG] [org.gradle.process.internal.health.memory.DefaultMemoryManager] 848118169 physical memory requested, 671318016 free
2025-10-13T00:00:58.714+0200 [DEBUG] [org.gradle.workers.internal.WorkerDaemonExpiration] Will attempt to release 808 of memory
2025-10-13T00:00:58.714+0200 [DEBUG] [org.gradle.process.internal.health.memory.DefaultMemoryManager] 848118169 physical memory requested, 0 released, 671318016 free
2025-10-13T00:01:03.716+0200 [DEBUG] [org.gradle.process.internal.health.memory.DefaultMemoryManager] 848118169 physical memory requested, 636383232 free
2025-10-13T00:01:03.716+0200 [DEBUG] [org.gradle.workers.internal.WorkerDaemonExpiration] Will attempt to release 808 of memory
2025-10-13T00:01:03.716+0200 [DEBUG] [org.gradle.process.internal.health.memory.DefaultMemoryManager] 848118169 physical memory requested, 0 released, 636383232 free
2025-10-13T00:01:06.054+0200 [DEBUG] [org.gradle.cache.internal.DefaultFileLockManager] Waiting to acquire shared lock on daemon addresses registry.
2025-10-13T00:01:06.055+0200 [DEBUG] [org.gradle.cache.internal.DefaultFileLockManager] Lock acquired on daemon addresses registry.
2025-10-13T00:01:06.055+0200 [DEBUG] [org.gradle.cache.internal.DefaultFileLockManager] Releasing lock on daemon addresses registry.
2025-10-13T00:01:06.056+0200 [DEBUG] [org.gradle.cache.internal.DefaultFileLockManager] Waiting to acquire shared lock on daemon addresses registry.
2025-10-13T00:01:06.057+0200 [DEBUG] [org.gradle.cache.internal.DefaultFileLockManager] Lock acquired on daemon addresses registry.
2025-10-13T00:01:06.057+0200 [DEBUG] [org.gradle.cache.internal.DefaultFileLockManager] Releasing lock on daemon addresses registry.
2025-10-13T00:01:06.058+0200 [DEBUG] [org.gradle.cache.internal.DefaultFileLockManager] Waiting to acquire shared lock on daemon addresses registry.
2025-10-13T00:01:06.058+0200 [DEBUG] [org.gradle.cache.internal.DefaultFileLockManager] Lock acquired on daemon addresses registry.
2025-10-13T00:01:06.058+0200 [DEBUG] [org.gradle.cache.internal.DefaultFileLockManager] Releasing lock on daemon addresses registry.
2025-10-13T00:01:08.718+0200 [DEBUG] [org.gradle.process.internal.health.memory.DefaultMemoryManager] 848118169 physical memory requested, 646549504 free
2025-10-13T00:01:08.718+0200 [DEBUG] [org.gradle.workers.internal.WorkerDaemonExpiration] Will attempt to release 808 of memory
2025-10-13T00:01:08.718+0200 [DEBUG] [org.gradle.process.internal.health.memory.DefaultMemoryManager] 848118169 physical memory requested, 0 released, 646549504 free
2025-10-13T00:01:13.719+0200 [DEBUG] [org.gradle.process.internal.health.memory.DefaultMemoryManager] 848118169 physical memory requested, 644513792 free
2025-10-13T00:01:13.719+0200 [DEBUG] [org.gradle.workers.internal.WorkerDaemonExpiration] Will attempt to release 808 of memory
2025-10-13T00:01:13.719+0200 [DEBUG] [org.gradle.process.internal.health.memory.DefaultMemoryManager] 848118169 physical memory requested, 0 released, 644513792 free
2025-10-13T00:01:16.057+0200 [DEBUG] [org.gradle.cache.internal.DefaultFileLockManager] Waiting to acquire shared lock on daemon addresses registry.
2025-10-13T00:01:16.057+0200 [DEBUG] [org.gradle.cache.internal.DefaultFileLockManager] Lock acquired on daemon addresses registry.
2025-10-13T00:01:16.057+0200 [DEBUG] [org.gradle.cache.internal.DefaultFileLockManager] Releasing lock on daemon addresses registry.
2025-10-13T00:01:16.059+0200 [DEBUG] [org.gradle.cache.internal.DefaultFileLockManager] Waiting to acquire shared lock on daemon addresses registry.
2025-10-13T00:01:16.060+0200 [DEBUG] [org.gradle.cache.internal.DefaultFileLockManager] Lock acquired on daemon addresses registry.
2025-10-13T00:01:16.061+0200 [DEBUG] [org.gradle.cache.internal.DefaultFileLockManager] Releasing lock on daemon addresses registry.
2025-10-13T00:01:16.062+0200 [DEBUG] [org.gradle.cache.internal.DefaultFileLockManager] Waiting to acquire shared lock on daemon addresses registry.
2025-10-13T00:01:16.063+0200 [DEBUG] [org.gradle.cache.internal.DefaultFileLockManager] Lock acquired on daemon addresses registry.
2025-10-13T00:01:16.063+0200 [DEBUG] [org.gradle.cache.internal.DefaultFileLockManager] Releasing lock on daemon addresses registry.
2025-10-13T00:01:18.721+0200 [DEBUG] [org.gradle.process.internal.health.memory.DefaultMemoryManager] 848118169 physical memory requested, 638312448 free
2025-10-13T00:01:18.721+0200 [DEBUG] [org.gradle.workers.internal.WorkerDaemonExpiration] Will attempt to release 808 of memory
2025-10-13T00:01:18.721+0200 [DEBUG] [org.gradle.process.internal.health.memory.DefaultMemoryManager] 848118169 physical memory requested, 0 released, 638312448 free
2025-10-13T00:01:23.716+0200 [DEBUG] [org.gradle.process.internal.health.memory.DefaultMemoryManager] 848118169 physical memory requested, 632807424 free
2025-10-13T00:01:23.716+0200 [DEBUG] [org.gradle.workers.internal.WorkerDaemonExpiration] Will attempt to release 808 of memory
2025-10-13T00:01:23.716+0200 [DEBUG] [org.gradle.process.internal.health.memory.DefaultMemoryManager] 848118169 physical memory requested, 0 released, 632807424 free
2025-10-13T00:01:26.056+0200 [DEBUG] [org.gradle.cache.internal.DefaultFileLockManager] Waiting to acquire shared lock on daemon addresses registry.
2025-10-13T00:01:26.056+0200 [DEBUG] [org.gradle.cache.internal.DefaultFileLockManager] Lock acquired on daemon addresses registry.
2025-10-13T00:01:26.056+0200 [DEBUG] [org.gradle.cache.internal.DefaultFileLockManager] Releasing lock on daemon addresses registry.
2025-10-13T00:01:26.057+0200 [DEBUG] [org.gradle.cache.internal.DefaultFileLockManager] Waiting to acquire shared lock on daemon addresses registry.
2025-10-13T00:01:26.057+0200 [DEBUG] [org.gradle.cache.internal.DefaultFileLockManager] Lock acquired on daemon addresses registry.
2025-10-13T00:01:26.057+0200 [DEBUG] [org.gradle.cache.internal.DefaultFileLockManager] Releasing lock on daemon addresses registry.
2025-10-13T00:01:26.058+0200 [DEBUG] [org.gradle.cache.internal.DefaultFileLockManager] Waiting to acquire shared lock on daemon addresses registry.
2025-10-13T00:01:26.058+0200 [DEBUG] [org.gradle.cache.internal.DefaultFileLockManager] Lock acquired on daemon addresses registry.
2025-10-13T00:01:26.058+0200 [DEBUG] [org.gradle.cache.internal.DefaultFileLockManager] Releasing lock on daemon addresses registry.
2025-10-13T00:01:28.715+0200 [DEBUG] [org.gradle.process.internal.health.memory.DefaultMemoryManager] 848118169 physical memory requested, 621469696 free
2025-10-13T00:01:28.715+0200 [DEBUG] [org.gradle.workers.internal.WorkerDaemonExpiration] Will attempt to release 808 of memory
2025-10-13T00:01:28.715+0200 [DEBUG] [org.gradle.process.internal.health.memory.DefaultMemoryManager] 848118169 physical memory requested, 0 released, 621469696 free
2025-10-13T00:01:33.716+0200 [DEBUG] [org.gradle.process.internal.health.memory.DefaultMemoryManager] 848118169 physical memory requested, 716328960 free
2025-10-13T00:01:33.717+0200 [DEBUG] [org.gradle.workers.internal.WorkerDaemonExpiration] Will attempt to release 808 of memory
2025-10-13T00:01:33.717+0200 [DEBUG] [org.gradle.process.internal.health.memory.DefaultMemoryManager] 848118169 physical memory requested, 0 released, 716328960 free
2025-10-13T00:01:36.055+0200 [DEBUG] [org.gradle.cache.internal.DefaultFileLockManager] Waiting to acquire shared lock on daemon addresses registry.
2025-10-13T00:01:36.055+0200 [DEBUG] [org.gradle.cache.internal.DefaultFileLockManager] Lock acquired on daemon addresses registry.
2025-10-13T00:01:36.055+0200 [DEBUG] [org.gradle.cache.internal.DefaultFileLockManager] Releasing lock on daemon addresses registry.
2025-10-13T00:01:36.056+0200 [DEBUG] [org.gradle.cache.internal.DefaultFileLockManager] Waiting to acquire shared lock on daemon addresses registry.
2025-10-13T00:01:36.056+0200 [DEBUG] [org.gradle.cache.internal.DefaultFileLockManager] Lock acquired on daemon addresses registry.
2025-10-13T00:01:36.057+0200 [DEBUG] [org.gradle.cache.internal.DefaultFileLockManager] Releasing lock on daemon addresses registry.
2025-10-13T00:01:36.058+0200 [DEBUG] [org.gradle.cache.internal.DefaultFileLockManager] Waiting to acquire shared lock on daemon addresses registry.
2025-10-13T00:01:36.058+0200 [DEBUG] [org.gradle.cache.internal.DefaultFileLockManager] Lock acquired on daemon addresses registry.
2025-10-13T00:01:36.058+0200 [DEBUG] [org.gradle.cache.internal.DefaultFileLockManager] Releasing lock on daemon addresses registry.
2025-10-13T00:01:38.718+0200 [DEBUG] [org.gradle.process.internal.health.memory.DefaultMemoryManager] 848118169 physical memory requested, 739041280 free
2025-10-13T00:01:38.718+0200 [DEBUG] [org.gradle.workers.internal.WorkerDaemonExpiration] Will attempt to release 808 of memory
2025-10-13T00:01:38.718+0200 [DEBUG] [org.gradle.process.internal.health.memory.DefaultMemoryManager] 848118169 physical memory requested, 0 released, 739041280 free
2025-10-13T00:01:43.717+0200 [DEBUG] [org.gradle.process.internal.health.memory.DefaultMemoryManager] 848118169 physical memory requested, 677257216 free
2025-10-13T00:01:43.717+0200 [DEBUG] [org.gradle.workers.internal.WorkerDaemonExpiration] Will attempt to release 808 of memory
2025-10-13T00:01:43.717+0200 [DEBUG] [org.gradle.process.internal.health.memory.DefaultMemoryManager] 848118169 physical memory requested, 0 released, 677257216 free
2025-10-13T00:01:46.055+0200 [DEBUG] [org.gradle.cache.internal.DefaultFileLockManager] Waiting to acquire shared lock on daemon addresses registry.
2025-10-13T00:01:46.055+0200 [DEBUG] [org.gradle.cache.internal.DefaultFileLockManager] Lock acquired on daemon addresses registry.
2025-10-13T00:01:46.056+0200 [DEBUG] [org.gradle.cache.internal.DefaultFileLockManager] Releasing lock on daemon addresses registry.
2025-10-13T00:01:46.057+0200 [DEBUG] [org.gradle.cache.internal.DefaultFileLockManager] Waiting to acquire shared lock on daemon addresses registry.
2025-10-13T00:01:46.057+0200 [DEBUG] [org.gradle.cache.internal.DefaultFileLockManager] Lock acquired on daemon addresses registry.
2025-10-13T00:01:46.058+0200 [DEBUG] [org.gradle.cache.internal.DefaultFileLockManager] Releasing lock on daemon addresses registry.
2025-10-13T00:01:46.058+0200 [DEBUG] [org.gradle.cache.internal.DefaultFileLockManager] Waiting to acquire shared lock on daemon addresses registry.
2025-10-13T00:01:46.058+0200 [DEBUG] [org.gradle.cache.internal.DefaultFileLockManager] Lock acquired on daemon addresses registry.
2025-10-13T00:01:46.059+0200 [DEBUG] [org.gradle.cache.internal.DefaultFileLockManager] Releasing lock on daemon addresses registry.
2025-10-13T00:01:48.715+0200 [DEBUG] [org.gradle.process.internal.health.memory.DefaultMemoryManager] 848118169 physical memory requested, 665145344 free
2025-10-13T00:01:48.715+0200 [DEBUG] [org.gradle.workers.internal.WorkerDaemonExpiration] Will attempt to release 808 of memory
2025-10-13T00:01:48.715+0200 [DEBUG] [org.gradle.process.internal.health.memory.DefaultMemoryManager] 848118169 physical memory requested, 0 released, 665145344 free
2025-10-13T00:01:53.721+0200 [DEBUG] [org.gradle.process.internal.health.memory.DefaultMemoryManager] 848118169 physical memory requested, 646524928 free
2025-10-13T00:01:53.721+0200 [DEBUG] [org.gradle.workers.internal.WorkerDaemonExpiration] Will attempt to release 808 of memory
2025-10-13T00:01:53.722+0200 [DEBUG] [org.gradle.process.internal.health.memory.DefaultMemoryManager] 848118169 physical memory requested, 0 released, 646524928 free
2025-10-13T00:01:56.055+0200 [DEBUG] [org.gradle.cache.internal.DefaultFileLockManager] Waiting to acquire shared lock on daemon addresses registry.
2025-10-13T00:01:56.055+0200 [DEBUG] [org.gradle.cache.internal.DefaultFileLockManager] Lock acquired on daemon addresses registry.
2025-10-13T00:01:56.056+0200 [DEBUG] [org.gradle.cache.internal.DefaultFileLockManager] Releasing lock on daemon addresses registry.
2025-10-13T00:01:56.057+0200 [DEBUG] [org.gradle.cache.internal.DefaultFileLockManager] Waiting to acquire shared lock on daemon addresses registry.
2025-10-13T00:01:56.057+0200 [DEBUG] [org.gradle.cache.internal.DefaultFileLockManager] Lock acquired on daemon addresses registry.
2025-10-13T00:01:56.057+0200 [DEBUG] [org.gradle.cache.internal.DefaultFileLockManager] Releasing lock on daemon addresses registry.
2025-10-13T00:01:56.058+0200 [DEBUG] [org.gradle.cache.internal.DefaultFileLockManager] Waiting to acquire shared lock on daemon addresses registry.
2025-10-13T00:01:56.058+0200 [DEBUG] [org.gradle.cache.internal.DefaultFileLockManager] Lock acquired on daemon addresses registry.
2025-10-13T00:01:56.058+0200 [DEBUG] [org.gradle.cache.internal.DefaultFileLockManager] Releasing lock on daemon addresses registry.
2025-10-13T00:01:57.032+0200 [DEBUG] [sun.rmi.client.ref] RMI RenewClean-[127.0.0.1:17661,org.jetbrains.kotlin.daemon.common.LoopbackNetworkInterface$ClientLoopbackSocketFactory@2db2afbc]: get connection
2025-10-13T00:01:57.032+0200 [DEBUG] [sun.rmi.transport.tcp] RMI RenewClean-[127.0.0.1:17661,org.jetbrains.kotlin.daemon.common.LoopbackNetworkInterface$ClientLoopbackSocketFactory@2db2afbc]: create connection
2025-10-13T00:01:57.039+0200 [DEBUG] [sun.rmi.loader] RMI RenewClean-[127.0.0.1:17661,org.jetbrains.kotlin.daemon.common.LoopbackNetworkInterface$ClientLoopbackSocketFactory@2db2afbc]: name = "java.rmi.dgc.Lease", codebase = "", defaultLoader = jdk.internal.loader.ClassLoaders$PlatformClassLoader@31bcd845
2025-10-13T00:01:57.039+0200 [DEBUG] [sun.rmi.loader] RMI RenewClean-[127.0.0.1:17661,org.jetbrains.kotlin.daemon.common.LoopbackNetworkInterface$ClientLoopbackSocketFactory@2db2afbc]: name = "java.rmi.dgc.VMID", codebase = "", defaultLoader = jdk.internal.loader.ClassLoaders$PlatformClassLoader@31bcd845
2025-10-13T00:01:57.039+0200 [DEBUG] [sun.rmi.loader] RMI RenewClean-[127.0.0.1:17661,org.jetbrains.kotlin.daemon.common.LoopbackNetworkInterface$ClientLoopbackSocketFactory@2db2afbc]: name = "[B", codebase = "", defaultLoader = jdk.internal.loader.ClassLoaders$PlatformClassLoader@31bcd845
2025-10-13T00:01:57.039+0200 [DEBUG] [sun.rmi.loader] RMI RenewClean-[127.0.0.1:17661,org.jetbrains.kotlin.daemon.common.LoopbackNetworkInterface$ClientLoopbackSocketFactory@2db2afbc]: name = "java.rmi.server.UID", codebase = "", defaultLoader = jdk.internal.loader.ClassLoaders$PlatformClassLoader@31bcd845
2025-10-13T00:01:57.040+0200 [DEBUG] [sun.rmi.client.ref] RMI RenewClean-[127.0.0.1:17661,org.jetbrains.kotlin.daemon.common.LoopbackNetworkInterface$ClientLoopbackSocketFactory@2db2afbc]: free connection (reuse = true)
2025-10-13T00:01:57.040+0200 [DEBUG] [sun.rmi.transport.tcp] RMI RenewClean-[127.0.0.1:17661,org.jetbrains.kotlin.daemon.common.LoopbackNetworkInterface$ClientLoopbackSocketFactory@2db2afbc]: reuse connection
2025-10-13T00:01:57.040+0200 [DEBUG] [sun.rmi.transport.tcp] RMI RenewClean-[127.0.0.1:17661,org.jetbrains.kotlin.daemon.common.LoopbackNetworkInterface$ClientLoopbackSocketFactory@2db2afbc]: create reaper
2025-10-13T00:01:57.121+0200 [DEBUG] [sun.rmi.transport.tcp] RMI TCP Connection(3)-127.0.0.1: accepted socket from [127.0.0.1:52544]
2025-10-13T00:01:57.123+0200 [DEBUG] [sun.rmi.transport.tcp] RMI TCP Connection(3)-127.0.0.1: (port 52349) op = 80
2025-10-13T00:01:57.124+0200 [DEBUG] [sun.rmi.loader] RMI TCP Connection(3)-127.0.0.1: name = "[Ljava.rmi.server.ObjID;", codebase = "", defaultLoader = jdk.internal.loader.ClassLoaders$PlatformClassLoader@31bcd845
2025-10-13T00:01:57.124+0200 [DEBUG] [sun.rmi.loader] RMI TCP Connection(3)-127.0.0.1: name = "java.rmi.dgc.Lease", codebase = "", defaultLoader = jdk.internal.loader.ClassLoaders$PlatformClassLoader@31bcd845
2025-10-13T00:01:57.124+0200 [DEBUG] [sun.rmi.loader] RMI TCP Connection(3)-127.0.0.1: name = "java.rmi.dgc.VMID", codebase = "", defaultLoader = jdk.internal.loader.ClassLoaders$PlatformClassLoader@31bcd845
2025-10-13T00:01:57.125+0200 [DEBUG] [sun.rmi.loader] RMI TCP Connection(3)-127.0.0.1: name = "[B", codebase = "", defaultLoader = jdk.internal.loader.ClassLoaders$PlatformClassLoader@31bcd845
2025-10-13T00:01:57.125+0200 [DEBUG] [sun.rmi.loader] RMI TCP Connection(3)-127.0.0.1: name = "java.rmi.server.UID", codebase = "", defaultLoader = jdk.internal.loader.ClassLoaders$PlatformClassLoader@31bcd845
2025-10-13T00:01:58.716+0200 [DEBUG] [org.gradle.process.internal.health.memory.DefaultMemoryManager] 848118169 physical memory requested, 621977600 free
2025-10-13T00:01:58.716+0200 [DEBUG] [org.gradle.workers.internal.WorkerDaemonExpiration] Will attempt to release 808 of memory
2025-10-13T00:01:58.716+0200 [DEBUG] [org.gradle.process.internal.health.memory.DefaultMemoryManager] 848118169 physical memory requested, 0 released, 621977600 free
2025-10-13T00:02:03.720+0200 [DEBUG] [org.gradle.process.internal.health.memory.DefaultMemoryManager] 848118169 physical memory requested, 540397568 free
2025-10-13T00:02:03.720+0200 [DEBUG] [org.gradle.workers.internal.WorkerDaemonExpiration] Will attempt to release 808 of memory
2025-10-13T00:02:03.720+0200 [DEBUG] [org.gradle.process.internal.health.memory.DefaultMemoryManager] 848118169 physical memory requested, 0 released, 540397568 free
2025-10-13T00:02:06.057+0200 [DEBUG] [org.gradle.cache.internal.DefaultFileLockManager] Waiting to acquire shared lock on daemon addresses registry.
2025-10-13T00:02:06.057+0200 [DEBUG] [org.gradle.cache.internal.DefaultFileLockManager] Lock acquired on daemon addresses registry.
2025-10-13T00:02:06.057+0200 [DEBUG] [org.gradle.cache.internal.DefaultFileLockManager] Releasing lock on daemon addresses registry.
2025-10-13T00:02:06.059+0200 [DEBUG] [org.gradle.cache.internal.DefaultFileLockManager] Waiting to acquire shared lock on daemon addresses registry.
2025-10-13T00:02:06.059+0200 [DEBUG] [org.gradle.cache.internal.DefaultFileLockManager] Lock acquired on daemon addresses registry.
2025-10-13T00:02:06.060+0200 [DEBUG] [org.gradle.cache.internal.DefaultFileLockManager] Releasing lock on daemon addresses registry.
2025-10-13T00:02:06.061+0200 [DEBUG] [org.gradle.cache.internal.DefaultFileLockManager] Waiting to acquire shared lock on daemon addresses registry.
2025-10-13T00:02:06.061+0200 [DEBUG] [org.gradle.cache.internal.DefaultFileLockManager] Lock acquired on daemon addresses registry.
2025-10-13T00:02:06.062+0200 [DEBUG] [org.gradle.cache.internal.DefaultFileLockManager] Releasing lock on daemon addresses registry.
2025-10-13T00:02:08.718+0200 [DEBUG] [org.gradle.process.internal.health.memory.DefaultMemoryManager] 848118169 physical memory requested, 554651648 free
2025-10-13T00:02:08.718+0200 [DEBUG] [org.gradle.workers.internal.WorkerDaemonExpiration] Will attempt to release 808 of memory
2025-10-13T00:02:08.718+0200 [DEBUG] [org.gradle.process.internal.health.memory.DefaultMemoryManager] 848118169 physical memory requested, 0 released, 554651648 free
2025-10-13T00:02:12.040+0200 [DEBUG] [sun.rmi.transport.tcp] RMI Scheduler(0): close connection, socket: Socket[addr=localhost/127.0.0.1,port=17661,localport=52543]
2025-10-13T00:02:12.140+0200 [DEBUG] [sun.rmi.transport.tcp] RMI TCP Connection(3)-127.0.0.1: (port 52349) connection closed
2025-10-13T00:02:12.141+0200 [DEBUG] [sun.rmi.transport.tcp] RMI TCP Connection(3)-127.0.0.1: close connection, socket: Socket[addr=/127.0.0.1,port=52544,localport=52349]
2025-10-13T00:02:12.141+0200 [DEBUG] [sun.rmi.transport.tcp] RMI TCP Connection(3)-127.0.0.1: socket close: Socket[addr=/127.0.0.1,port=52544,localport=52349]
2025-10-13T00:02:13.718+0200 [DEBUG] [org.gradle.process.internal.health.memory.DefaultMemoryManager] 848118169 physical memory requested, 560467968 free
2025-10-13T00:02:13.718+0200 [DEBUG] [org.gradle.workers.internal.WorkerDaemonExpiration] Will attempt to release 808 of memory
2025-10-13T00:02:13.718+0200 [DEBUG] [org.gradle.process.internal.health.memory.DefaultMemoryManager] 848118169 physical memory requested, 0 released, 560467968 free
2025-10-13T00:02:16.055+0200 [DEBUG] [org.gradle.cache.internal.DefaultFileLockManager] Waiting to acquire shared lock on daemon addresses registry.
2025-10-13T00:02:16.055+0200 [DEBUG] [org.gradle.cache.internal.DefaultFileLockManager] Lock acquired on daemon addresses registry.
2025-10-13T00:02:16.055+0200 [DEBUG] [org.gradle.cache.internal.DefaultFileLockManager] Releasing lock on daemon addresses registry.
2025-10-13T00:02:16.057+0200 [DEBUG] [org.gradle.cache.internal.DefaultFileLockManager] Waiting to acquire shared lock on daemon addresses registry.
2025-10-13T00:02:16.057+0200 [DEBUG] [org.gradle.cache.internal.DefaultFileLockManager] Lock acquired on daemon addresses registry.
2025-10-13T00:02:16.057+0200 [DEBUG] [org.gradle.cache.internal.DefaultFileLockManager] Releasing lock on daemon addresses registry.
2025-10-13T00:02:16.058+0200 [DEBUG] [org.gradle.cache.internal.DefaultFileLockManager] Waiting to acquire shared lock on daemon addresses registry.
2025-10-13T00:02:16.058+0200 [DEBUG] [org.gradle.cache.internal.DefaultFileLockManager] Lock acquired on daemon addresses registry.
2025-10-13T00:02:16.059+0200 [DEBUG] [org.gradle.cache.internal.DefaultFileLockManager] Releasing lock on daemon addresses registry.
2025-10-13T00:02:18.731+0200 [DEBUG] [org.gradle.process.internal.health.memory.DefaultMemoryManager] 848118169 physical memory requested, 551804928 free
2025-10-13T00:02:18.732+0200 [DEBUG] [org.gradle.workers.internal.WorkerDaemonExpiration] Will attempt to release 808 of memory
2025-10-13T00:02:18.732+0200 [DEBUG] [org.gradle.process.internal.health.memory.DefaultMemoryManager] 848118169 physical memory requested, 0 released, 551804928 free
2025-10-13T00:02:23.716+0200 [DEBUG] [org.gradle.process.internal.health.memory.DefaultMemoryManager] 848118169 physical memory requested, 524447744 free
2025-10-13T00:02:23.716+0200 [DEBUG] [org.gradle.workers.internal.WorkerDaemonExpiration] Will attempt to release 808 of memory
2025-10-13T00:02:23.716+0200 [DEBUG] [org.gradle.process.internal.health.memory.DefaultMemoryManager] 848118169 physical memory requested, 0 released, 524447744 free
2025-10-13T00:02:26.055+0200 [DEBUG] [org.gradle.cache.internal.DefaultFileLockManager] Waiting to acquire shared lock on daemon addresses registry.
2025-10-13T00:02:26.056+0200 [DEBUG] [org.gradle.cache.internal.DefaultFileLockManager] Lock acquired on daemon addresses registry.
2025-10-13T00:02:26.056+0200 [DEBUG] [org.gradle.cache.internal.DefaultFileLockManager] Releasing lock on daemon addresses registry.
2025-10-13T00:02:26.058+0200 [DEBUG] [org.gradle.cache.internal.DefaultFileLockManager] Waiting to acquire shared lock on daemon addresses registry.
2025-10-13T00:02:26.058+0200 [DEBUG] [org.gradle.cache.internal.DefaultFileLockManager] Lock acquired on daemon addresses registry.
2025-10-13T00:02:26.059+0200 [DEBUG] [org.gradle.cache.internal.DefaultFileLockManager] Releasing lock on daemon addresses registry.
2025-10-13T00:02:26.060+0200 [DEBUG] [org.gradle.cache.internal.DefaultFileLockManager] Waiting to acquire shared lock on daemon addresses registry.
2025-10-13T00:02:26.061+0200 [DEBUG] [org.gradle.cache.internal.DefaultFileLockManager] Lock acquired on daemon addresses registry.
2025-10-13T00:02:26.065+0200 [DEBUG] [org.gradle.cache.internal.DefaultFileLockManager] Releasing lock on daemon addresses registry.
2025-10-13T00:02:28.717+0200 [DEBUG] [org.gradle.process.internal.health.memory.DefaultMemoryManager] 848118169 physical memory requested, 516730880 free
2025-10-13T00:02:28.718+0200 [DEBUG] [org.gradle.workers.internal.WorkerDaemonExpiration] Will attempt to release 808 of memory
2025-10-13T00:02:28.718+0200 [DEBUG] [org.gradle.process.internal.health.memory.DefaultMemoryManager] 848118169 physical memory requested, 0 released, 516730880 free
2025-10-13T00:02:33.716+0200 [DEBUG] [org.gradle.process.internal.health.memory.DefaultMemoryManager] 848118169 physical memory requested, 595070976 free
2025-10-13T00:02:33.716+0200 [DEBUG] [org.gradle.workers.internal.WorkerDaemonExpiration] Will attempt to release 808 of memory
2025-10-13T00:02:33.716+0200 [DEBUG] [org.gradle.process.internal.health.memory.DefaultMemoryManager] 848118169 physical memory requested, 0 released, 595070976 free
2025-10-13T00:02:36.055+0200 [DEBUG] [org.gradle.cache.internal.DefaultFileLockManager] Waiting to acquire shared lock on daemon addresses registry.
2025-10-13T00:02:36.055+0200 [DEBUG] [org.gradle.cache.internal.DefaultFileLockManager] Lock acquired on daemon addresses registry.
2025-10-13T00:02:36.056+0200 [DEBUG] [org.gradle.cache.internal.DefaultFileLockManager] Releasing lock on daemon addresses registry.
2025-10-13T00:02:36.057+0200 [DEBUG] [org.gradle.cache.internal.DefaultFileLockManager] Waiting to acquire shared lock on daemon addresses registry.
2025-10-13T00:02:36.057+0200 [DEBUG] [org.gradle.cache.internal.DefaultFileLockManager] Lock acquired on daemon addresses registry.
2025-10-13T00:02:36.057+0200 [DEBUG] [org.gradle.cache.internal.DefaultFileLockManager] Releasing lock on daemon addresses registry.
2025-10-13T00:02:36.058+0200 [DEBUG] [org.gradle.cache.internal.DefaultFileLockManager] Waiting to acquire shared lock on daemon addresses registry.
2025-10-13T00:02:36.058+0200 [DEBUG] [org.gradle.cache.internal.DefaultFileLockManager] Lock acquired on daemon addresses registry.
2025-10-13T00:02:36.061+0200 [DEBUG] [org.gradle.cache.internal.DefaultFileLockManager] Releasing lock on daemon addresses registry.
2025-10-13T00:02:38.717+0200 [DEBUG] [org.gradle.process.internal.health.memory.DefaultMemoryManager] 848118169 physical memory requested, 496218112 free
2025-10-13T00:02:38.717+0200 [DEBUG] [org.gradle.workers.internal.WorkerDaemonExpiration] Will attempt to release 808 of memory
2025-10-13T00:02:38.717+0200 [DEBUG] [org.gradle.process.internal.health.memory.DefaultMemoryManager] 848118169 physical memory requested, 0 released, 496218112 free
2025-10-13T00:02:43.722+0200 [DEBUG] [org.gradle.process.internal.health.memory.DefaultMemoryManager] 848118169 physical memory requested, 427200512 free
2025-10-13T00:02:43.723+0200 [DEBUG] [org.gradle.workers.internal.WorkerDaemonExpiration] Will attempt to release 808 of memory
2025-10-13T00:02:43.723+0200 [DEBUG] [org.gradle.process.internal.health.memory.DefaultMemoryManager] 848118169 physical memory requested, 0 released, 427200512 free
2025-10-13T00:02:46.060+0200 [DEBUG] [org.gradle.cache.internal.DefaultFileLockManager] Waiting to acquire shared lock on daemon addresses registry.
2025-10-13T00:02:46.060+0200 [DEBUG] [org.gradle.cache.internal.DefaultFileLockManager] Lock acquired on daemon addresses registry.
2025-10-13T00:02:46.060+0200 [DEBUG] [org.gradle.cache.internal.DefaultFileLockManager] Releasing lock on daemon addresses registry.
2025-10-13T00:02:46.061+0200 [DEBUG] [org.gradle.cache.internal.DefaultFileLockManager] Waiting to acquire shared lock on daemon addresses registry.
2025-10-13T00:02:46.061+0200 [DEBUG] [org.gradle.cache.internal.DefaultFileLockManager] Lock acquired on daemon addresses registry.
2025-10-13T00:02:46.061+0200 [DEBUG] [org.gradle.cache.internal.DefaultFileLockManager] Releasing lock on daemon addresses registry.
2025-10-13T00:02:46.062+0200 [DEBUG] [org.gradle.cache.internal.DefaultFileLockManager] Waiting to acquire shared lock on daemon addresses registry.
2025-10-13T00:02:46.062+0200 [DEBUG] [org.gradle.cache.internal.DefaultFileLockManager] Lock acquired on daemon addresses registry.
2025-10-13T00:02:46.063+0200 [DEBUG] [org.gradle.cache.internal.DefaultFileLockManager] Releasing lock on daemon addresses registry.
2025-10-13T00:02:48.717+0200 [DEBUG] [org.gradle.process.internal.health.memory.DefaultMemoryManager] 848118169 physical memory requested, 579850240 free
2025-10-13T00:02:48.717+0200 [DEBUG] [org.gradle.workers.internal.WorkerDaemonExpiration] Will attempt to release 808 of memory
2025-10-13T00:02:48.717+0200 [DEBUG] [org.gradle.process.internal.health.memory.DefaultMemoryManager] 848118169 physical memory requested, 0 released, 579850240 free
2025-10-13T00:02:53.716+0200 [DEBUG] [org.gradle.process.internal.health.memory.DefaultMemoryManager] 848118169 physical memory requested, 620015616 free
2025-10-13T00:02:53.716+0200 [DEBUG] [org.gradle.workers.internal.WorkerDaemonExpiration] Will attempt to release 808 of memory
2025-10-13T00:02:53.716+0200 [DEBUG] [org.gradle.process.internal.health.memory.DefaultMemoryManager] 848118169 physical memory requested, 0 released, 620015616 free
2025-10-13T00:02:56.055+0200 [DEBUG] [org.gradle.cache.internal.DefaultFileLockManager] Waiting to acquire shared lock on daemon addresses registry.
2025-10-13T00:02:56.055+0200 [DEBUG] [org.gradle.cache.internal.DefaultFileLockManager] Lock acquired on daemon addresses registry.
2025-10-13T00:02:56.055+0200 [DEBUG] [org.gradle.cache.internal.DefaultFileLockManager] Releasing lock on daemon addresses registry.
2025-10-13T00:02:56.056+0200 [DEBUG] [org.gradle.cache.internal.DefaultFileLockManager] Waiting to acquire shared lock on daemon addresses registry.
2025-10-13T00:02:56.056+0200 [DEBUG] [org.gradle.cache.internal.DefaultFileLockManager] Lock acquired on daemon addresses registry.
2025-10-13T00:02:56.056+0200 [DEBUG] [org.gradle.cache.internal.DefaultFileLockManager] Releasing lock on daemon addresses registry.
2025-10-13T00:02:56.057+0200 [DEBUG] [org.gradle.cache.internal.DefaultFileLockManager] Waiting to acquire shared lock on daemon addresses registry.
2025-10-13T00:02:56.057+0200 [DEBUG] [org.gradle.cache.internal.DefaultFileLockManager] Lock acquired on daemon addresses registry.
2025-10-13T00:02:56.058+0200 [DEBUG] [org.gradle.cache.internal.DefaultFileLockManager] Releasing lock on daemon addresses registry.
2025-10-13T00:02:58.718+0200 [DEBUG] [org.gradle.process.internal.health.memory.DefaultMemoryManager] 848118169 physical memory requested, 610807808 free
2025-10-13T00:02:58.718+0200 [DEBUG] [org.gradle.workers.internal.WorkerDaemonExpiration] Will attempt to release 808 of memory
2025-10-13T00:02:58.718+0200 [DEBUG] [org.gradle.process.internal.health.memory.DefaultMemoryManager] 848118169 physical memory requested, 0 released, 610807808 free
2025-10-13T00:03:03.716+0200 [DEBUG] [org.gradle.process.internal.health.memory.DefaultMemoryManager] 848118169 physical memory requested, 576172032 free
2025-10-13T00:03:03.716+0200 [DEBUG] [org.gradle.workers.internal.WorkerDaemonExpiration] Will attempt to release 808 of memory
2025-10-13T00:03:03.716+0200 [DEBUG] [org.gradle.process.internal.health.memory.DefaultMemoryManager] 848118169 physical memory requested, 0 released, 576172032 free
2025-10-13T00:03:06.055+0200 [DEBUG] [org.gradle.cache.internal.DefaultFileLockManager] Waiting to acquire shared lock on daemon addresses registry.
2025-10-13T00:03:06.055+0200 [DEBUG] [org.gradle.cache.internal.DefaultFileLockManager] Lock acquired on daemon addresses registry.
2025-10-13T00:03:06.055+0200 [DEBUG] [org.gradle.cache.internal.DefaultFileLockManager] Releasing lock on daemon addresses registry.
2025-10-13T00:03:06.056+0200 [DEBUG] [org.gradle.cache.internal.DefaultFileLockManager] Waiting to acquire shared lock on daemon addresses registry.
2025-10-13T00:03:06.067+0200 [DEBUG] [org.gradle.cache.internal.DefaultFileLockManager] Lock acquired on daemon addresses registry.
2025-10-13T00:03:06.067+0200 [DEBUG] [org.gradle.cache.internal.DefaultFileLockManager] Releasing lock on daemon addresses registry.
2025-10-13T00:03:06.068+0200 [DEBUG] [org.gradle.cache.internal.DefaultFileLockManager] Waiting to acquire shared lock on daemon addresses registry.
2025-10-13T00:03:06.068+0200 [DEBUG] [org.gradle.cache.internal.DefaultFileLockManager] Lock acquired on daemon addresses registry.
2025-10-13T00:03:06.068+0200 [DEBUG] [org.gradle.cache.internal.DefaultFileLockManager] Releasing lock on daemon addresses registry.
2025-10-13T00:03:08.719+0200 [DEBUG] [org.gradle.process.internal.health.memory.DefaultMemoryManager] 848118169 physical memory requested, 630476800 free
2025-10-13T00:03:08.720+0200 [DEBUG] [org.gradle.workers.internal.WorkerDaemonExpiration] Will attempt to release 808 of memory
2025-10-13T00:03:08.720+0200 [DEBUG] [org.gradle.process.internal.health.memory.DefaultMemoryManager] 848118169 physical memory requested, 0 released, 630476800 free
2025-10-13T00:03:13.717+0200 [DEBUG] [org.gradle.process.internal.health.memory.DefaultMemoryManager] 848118169 physical memory requested, 645345280 free
2025-10-13T00:03:13.718+0200 [DEBUG] [org.gradle.workers.internal.WorkerDaemonExpiration] Will attempt to release 808 of memory
2025-10-13T00:03:13.718+0200 [DEBUG] [org.gradle.process.internal.health.memory.DefaultMemoryManager] 848118169 physical memory requested, 0 released, 645345280 free
2025-10-13T00:03:16.056+0200 [DEBUG] [org.gradle.cache.internal.DefaultFileLockManager] Waiting to acquire shared lock on daemon addresses registry.
2025-10-13T00:03:16.057+0200 [DEBUG] [org.gradle.cache.internal.DefaultFileLockManager] Lock acquired on daemon addresses registry.
2025-10-13T00:03:16.057+0200 [DEBUG] [org.gradle.cache.internal.DefaultFileLockManager] Releasing lock on daemon addresses registry.
2025-10-13T00:03:16.058+0200 [DEBUG] [org.gradle.cache.internal.DefaultFileLockManager] Waiting to acquire shared lock on daemon addresses registry.
2025-10-13T00:03:16.058+0200 [DEBUG] [org.gradle.cache.internal.DefaultFileLockManager] Lock acquired on daemon addresses registry.
2025-10-13T00:03:16.058+0200 [DEBUG] [org.gradle.cache.internal.DefaultFileLockManager] Releasing lock on daemon addresses registry.
2025-10-13T00:03:16.059+0200 [DEBUG] [org.gradle.cache.internal.DefaultFileLockManager] Waiting to acquire shared lock on daemon addresses registry.
2025-10-13T00:03:16.059+0200 [DEBUG] [org.gradle.cache.internal.DefaultFileLockManager] Lock acquired on daemon addresses registry.
2025-10-13T00:03:16.060+0200 [DEBUG] [org.gradle.cache.internal.DefaultFileLockManager] Releasing lock on daemon addresses registry.
2025-10-13T00:03:18.719+0200 [DEBUG] [org.gradle.process.internal.health.memory.DefaultMemoryManager] 848118169 physical memory requested, 630661120 free
2025-10-13T00:03:18.719+0200 [DEBUG] [org.gradle.workers.internal.WorkerDaemonExpiration] Will attempt to release 808 of memory
2025-10-13T00:03:18.719+0200 [DEBUG] [org.gradle.process.internal.health.memory.DefaultMemoryManager] 848118169 physical memory requested, 0 released, 630661120 free
2025-10-13T00:03:23.718+0200 [DEBUG] [org.gradle.process.internal.health.memory.DefaultMemoryManager] 848118169 physical memory requested, 621752320 free
2025-10-13T00:03:23.718+0200 [DEBUG] [org.gradle.workers.internal.WorkerDaemonExpiration] Will attempt to release 808 of memory
2025-10-13T00:03:23.719+0200 [DEBUG] [org.gradle.process.internal.health.memory.DefaultMemoryManager] 848118169 physical memory requested, 0 released, 621752320 free
2025-10-13T00:03:26.057+0200 [DEBUG] [org.gradle.cache.internal.DefaultFileLockManager] Waiting to acquire shared lock on daemon addresses registry.
2025-10-13T00:03:26.057+0200 [DEBUG] [org.gradle.cache.internal.DefaultFileLockManager] Lock acquired on daemon addresses registry.
2025-10-13T00:03:26.057+0200 [DEBUG] [org.gradle.cache.internal.DefaultFileLockManager] Releasing lock on daemon addresses registry.
2025-10-13T00:03:26.058+0200 [DEBUG] [org.gradle.cache.internal.DefaultFileLockManager] Waiting to acquire shared lock on daemon addresses registry.
2025-10-13T00:03:26.058+0200 [DEBUG] [org.gradle.cache.internal.DefaultFileLockManager] Lock acquired on daemon addresses registry.
2025-10-13T00:03:26.058+0200 [DEBUG] [org.gradle.cache.internal.DefaultFileLockManager] Releasing lock on daemon addresses registry.
2025-10-13T00:03:26.059+0200 [DEBUG] [org.gradle.cache.internal.DefaultFileLockManager] Waiting to acquire shared lock on daemon addresses registry.
2025-10-13T00:03:26.059+0200 [DEBUG] [org.gradle.cache.internal.DefaultFileLockManager] Lock acquired on daemon addresses registry.
2025-10-13T00:03:26.059+0200 [DEBUG] [org.gradle.cache.internal.DefaultFileLockManager] Releasing lock on daemon addresses registry.
2025-10-13T00:03:28.716+0200 [DEBUG] [org.gradle.process.internal.health.memory.DefaultMemoryManager] 848118169 physical memory requested, 621010944 free
2025-10-13T00:03:28.716+0200 [DEBUG] [org.gradle.workers.internal.WorkerDaemonExpiration] Will attempt to release 808 of memory
2025-10-13T00:03:28.716+0200 [DEBUG] [org.gradle.process.internal.health.memory.DefaultMemoryManager] 848118169 physical memory requested, 0 released, 621010944 free
2025-10-13T00:03:33.718+0200 [DEBUG] [org.gradle.process.internal.health.memory.DefaultMemoryManager] 848118169 physical memory requested, 609390592 free
2025-10-13T00:03:33.718+0200 [DEBUG] [org.gradle.workers.internal.WorkerDaemonExpiration] Will attempt to release 808 of memory
2025-10-13T00:03:33.718+0200 [DEBUG] [org.gradle.process.internal.health.memory.DefaultMemoryManager] 848118169 physical memory requested, 0 released, 609390592 free
2025-10-13T00:03:36.056+0200 [DEBUG] [org.gradle.cache.internal.DefaultFileLockManager] Waiting to acquire shared lock on daemon addresses registry.
2025-10-13T00:03:36.056+0200 [DEBUG] [org.gradle.cache.internal.DefaultFileLockManager] Lock acquired on daemon addresses registry.
2025-10-13T00:03:36.056+0200 [DEBUG] [org.gradle.cache.internal.DefaultFileLockManager] Releasing lock on daemon addresses registry.
2025-10-13T00:03:36.057+0200 [DEBUG] [org.gradle.cache.internal.DefaultFileLockManager] Waiting to acquire shared lock on daemon addresses registry.
2025-10-13T00:03:36.057+0200 [DEBUG] [org.gradle.cache.internal.DefaultFileLockManager] Lock acquired on daemon addresses registry.
2025-10-13T00:03:36.058+0200 [DEBUG] [org.gradle.cache.internal.DefaultFileLockManager] Releasing lock on daemon addresses registry.
2025-10-13T00:03:36.058+0200 [DEBUG] [org.gradle.cache.internal.DefaultFileLockManager] Waiting to acquire shared lock on daemon addresses registry.
2025-10-13T00:03:36.058+0200 [DEBUG] [org.gradle.cache.internal.DefaultFileLockManager] Lock acquired on daemon addresses registry.
2025-10-13T00:03:36.059+0200 [DEBUG] [org.gradle.cache.internal.DefaultFileLockManager] Releasing lock on daemon addresses registry.
2025-10-13T00:03:38.718+0200 [DEBUG] [org.gradle.process.internal.health.memory.DefaultMemoryManager] 848118169 physical memory requested, 614600704 free
2025-10-13T00:03:38.718+0200 [DEBUG] [org.gradle.workers.internal.WorkerDaemonExpiration] Will attempt to release 808 of memory
2025-10-13T00:03:38.718+0200 [DEBUG] [org.gradle.process.internal.health.memory.DefaultMemoryManager] 848118169 physical memory requested, 0 released, 614600704 free
2025-10-13T00:03:43.722+0200 [DEBUG] [org.gradle.process.internal.health.memory.DefaultMemoryManager] 848118169 physical memory requested, 618295296 free
2025-10-13T00:03:43.722+0200 [DEBUG] [org.gradle.workers.internal.WorkerDaemonExpiration] Will attempt to release 808 of memory
2025-10-13T00:03:43.722+0200 [DEBUG] [org.gradle.process.internal.health.memory.DefaultMemoryManager] 848118169 physical memory requested, 0 released, 618295296 free
2025-10-13T00:03:46.078+0200 [DEBUG] [org.gradle.cache.internal.DefaultFileLockManager] Waiting to acquire shared lock on daemon addresses registry.
2025-10-13T00:03:46.078+0200 [DEBUG] [org.gradle.cache.internal.DefaultFileLockManager] Lock acquired on daemon addresses registry.
2025-10-13T00:03:46.078+0200 [DEBUG] [org.gradle.cache.internal.DefaultFileLockManager] Releasing lock on daemon addresses registry.
2025-10-13T00:03:46.079+0200 [DEBUG] [org.gradle.cache.internal.DefaultFileLockManager] Waiting to acquire shared lock on daemon addresses registry.
2025-10-13T00:03:46.079+0200 [DEBUG] [org.gradle.cache.internal.DefaultFileLockManager] Lock acquired on daemon addresses registry.
2025-10-13T00:03:46.080+0200 [DEBUG] [org.gradle.cache.internal.DefaultFileLockManager] Releasing lock on daemon addresses registry.
2025-10-13T00:03:46.080+0200 [DEBUG] [org.gradle.cache.internal.DefaultFileLockManager] Waiting to acquire shared lock on daemon addresses registry.
2025-10-13T00:03:46.080+0200 [DEBUG] [org.gradle.cache.internal.DefaultFileLockManager] Lock acquired on daemon addresses registry.
2025-10-13T00:03:46.081+0200 [DEBUG] [org.gradle.cache.internal.DefaultFileLockManager] Releasing lock on daemon addresses registry.
2025-10-13T00:03:48.716+0200 [DEBUG] [org.gradle.process.internal.health.memory.DefaultMemoryManager] 848118169 physical memory requested, 610930688 free
2025-10-13T00:03:48.716+0200 [DEBUG] [org.gradle.workers.internal.WorkerDaemonExpiration] Will attempt to release 808 of memory
2025-10-13T00:03:48.720+0200 [DEBUG] [org.gradle.process.internal.health.memory.DefaultMemoryManager] 848118169 physical memory requested, 0 released, 610930688 free
2025-10-13T00:03:48.868+0200 [DEBUG] [org.gradle.internal.watch.vfs.impl.WatchingVirtualFileSystem] Handling VFS change CREATED C:\Users\dream\Documents\git_school\KendyMonsters\src\main\kotlin\Test.kt~
2025-10-13T00:03:48.869+0200 [DEBUG] [org.gradle.internal.watch.vfs.impl.WatchingVirtualFileSystem] Handling VFS change MODIFIED C:\Users\dream\Documents\git_school\KendyMonsters\src\main\kotlin\Test.kt
2025-10-13T00:03:48.917+0200 [DEBUG] [org.gradle.internal.remote.internal.inet.TcpIncomingConnector] Accepted connection from /127.0.0.1:52650 to /127.0.0.1:52332.
2025-10-13T00:03:48.922+0200 [DEBUG] [org.gradle.launcher.daemon.server.SynchronizedDispatchConnection] thread 254: received class org.gradle.launcher.daemon.protocol.InvalidateVirtualFileSystemAfterChange
2025-10-13T00:03:48.922+0200 [DEBUG] [org.gradle.launcher.daemon.server.DefaultDaemonConnection] thread 254: Received non-IO message from client: InvalidateVirtualFileSystemAfterChange[id=9831c483-0861-4c4a-919f-b6a70bf8814a]
2025-10-13T00:03:48.922+0200 [INFO] [org.gradle.launcher.daemon.server.DefaultIncomingConnectionHandler] Received command: InvalidateVirtualFileSystemAfterChange[id=9831c483-0861-4c4a-919f-b6a70bf8814a].
2025-10-13T00:03:48.922+0200 [DEBUG] [org.gradle.launcher.daemon.server.DefaultIncomingConnectionHandler] Starting executing command: InvalidateVirtualFileSystemAfterChange[id=9831c483-0861-4c4a-919f-b6a70bf8814a] with connection: socket connection from /127.0.0.1:52332 to /127.0.0.1:52650.
2025-10-13T00:03:48.922+0200 [INFO] [org.gradle.launcher.daemon.server.api.HandleInvalidateVirtualFileSystem] Invalidating [C:\Users\dream\Documents\git_school\KendyMonsters\src\main\kotlin\Test.kt]
2025-10-13T00:03:48.922+0200 [DEBUG] [org.gradle.internal.vfs.impl.AbstractVirtualFileSystem] Invalidating VFS paths: [C:\Users\dream\Documents\git_school\KendyMonsters\src\main\kotlin\Test.kt]
2025-10-13T00:03:48.922+0200 [DEBUG] [org.gradle.internal.remote.internal.inet.TcpIncomingConnector] Accepted connection from /127.0.0.1:52651 to /127.0.0.1:52332.
2025-10-13T00:03:48.923+0200 [DEBUG] [org.gradle.launcher.daemon.server.SynchronizedDispatchConnection] thread 253: dispatching Success[value=null]
2025-10-13T00:03:48.923+0200 [DEBUG] [org.gradle.launcher.daemon.server.DefaultIncomingConnectionHandler] Finishing executing command: InvalidateVirtualFileSystemAfterChange[id=9831c483-0861-4c4a-919f-b6a70bf8814a]
2025-10-13T00:03:48.923+0200 [DEBUG] [org.gradle.launcher.daemon.server.SynchronizedDispatchConnection] thread 254: received class org.gradle.launcher.daemon.protocol.Finished
2025-10-13T00:03:48.923+0200 [DEBUG] [org.gradle.launcher.daemon.server.DefaultDaemonConnection] thread 254: Received non-IO message from client: org.gradle.launcher.daemon.protocol.Finished@2b7c5d9e
2025-10-13T00:03:48.923+0200 [DEBUG] [org.gradle.launcher.daemon.server.DefaultIncomingConnectionHandler] Received finished message: org.gradle.launcher.daemon.protocol.Finished@2b7c5d9e
2025-10-13T00:03:48.924+0200 [DEBUG] [org.gradle.launcher.daemon.server.SynchronizedDispatchConnection] thread 253: stopping connection
2025-10-13T00:03:48.924+0200 [DEBUG] [org.gradle.internal.remote.internal.inet.SocketConnection] Discarding EOFException: java.io.EOFException
2025-10-13T00:03:48.924+0200 [DEBUG] [org.gradle.launcher.daemon.server.SynchronizedDispatchConnection] thread 254: received null
2025-10-13T00:03:48.924+0200 [DEBUG] [org.gradle.launcher.daemon.server.DefaultDaemonConnection] thread 254: Received end-of-input from client.
2025-10-13T00:03:48.924+0200 [DEBUG] [org.gradle.launcher.daemon.server.SynchronizedDispatchConnection] thread 253: stopping connection
2025-10-13T00:03:48.928+0200 [DEBUG] [org.gradle.launcher.daemon.server.SynchronizedDispatchConnection] thread 255: received class org.gradle.launcher.daemon.protocol.Build
2025-10-13T00:03:48.928+0200 [DEBUG] [org.gradle.launcher.daemon.server.DefaultDaemonConnection] thread 255: Received non-IO message from client: Build{id=7b157012-30a0-4f6c-94a6-96a3f61c5d78, currentDir=C:\Users\dream\Documents\git_school\KendyMonsters}
2025-10-13T00:03:48.928+0200 [INFO] [org.gradle.launcher.daemon.server.DefaultIncomingConnectionHandler] Received command: Build{id=7b157012-30a0-4f6c-94a6-96a3f61c5d78, currentDir=C:\Users\dream\Documents\git_school\KendyMonsters}.
2025-10-13T00:03:48.928+0200 [DEBUG] [org.gradle.launcher.daemon.server.DefaultIncomingConnectionHandler] Starting executing command: Build{id=7b157012-30a0-4f6c-94a6-96a3f61c5d78, currentDir=C:\Users\dream\Documents\git_school\KendyMonsters} with connection: socket connection from /127.0.0.1:52332 to /127.0.0.1:52651.
2025-10-13T00:03:48.929+0200 [DEBUG] [org.gradle.launcher.daemon.server.DaemonStateCoordinator] Command execution: started DaemonCommandExecution[command = Build{id=7b157012-30a0-4f6c-94a6-96a3f61c5d78, currentDir=C:\Users\dream\Documents\git_school\KendyMonsters}, connection = DefaultDaemonConnection: socket connection from /127.0.0.1:52332 to /127.0.0.1:52651] after 4.024066666666666 minutes of idle
2025-10-13T00:03:48.929+0200 [INFO] [org.gradle.launcher.daemon.server.DaemonRegistryUpdater] Marking the daemon as busy, address: [a4e0bc31-3547-40e9-a955-b13245288222 port:52332, addresses:[localhost/127.0.0.1]]
2025-10-13T00:03:48.929+0200 [DEBUG] [org.gradle.launcher.daemon.registry.PersistentDaemonRegistry] Marking busy by address: [a4e0bc31-3547-40e9-a955-b13245288222 port:52332, addresses:[localhost/127.0.0.1]]
2025-10-13T00:03:48.930+0200 [DEBUG] [org.gradle.cache.internal.DefaultFileLockManager] Waiting to acquire exclusive lock on daemon addresses registry.
2025-10-13T00:03:48.930+0200 [DEBUG] [org.gradle.cache.internal.DefaultFileLockManager] Lock acquired on daemon addresses registry.
2025-10-13T00:03:48.934+0200 [DEBUG] [org.gradle.cache.internal.DefaultFileLockManager] Releasing lock on daemon addresses registry.
2025-10-13T00:03:48.934+0200 [DEBUG] [org.gradle.launcher.daemon.server.DaemonStateCoordinator] resetting idle timer
2025-10-13T00:03:48.934+0200 [DEBUG] [org.gradle.launcher.daemon.server.DaemonStateCoordinator] daemon is running. Sleeping until state changes.
2025-10-13T00:03:48.935+0200 [INFO] [org.gradle.launcher.daemon.server.exec.StartBuildOrRespondWithBusy] Daemon is about to start building Build{id=7b157012-30a0-4f6c-94a6-96a3f61c5d78, currentDir=C:\Users\dream\Documents\git_school\KendyMonsters}. Dispatching build started information...
2025-10-13T00:03:48.936+0200 [DEBUG] [org.gradle.launcher.daemon.server.SynchronizedDispatchConnection] thread 257: dispatching org.gradle.launcher.daemon.protocol.BuildStarted@1ad31d3e
2025-10-13T00:03:48.936+0200 [DEBUG] [org.gradle.launcher.daemon.server.exec.EstablishBuildEnvironment] Configuring env variables: [USERDOMAIN_ROAMINGPROFILE, LOCALAPPDATA, PROCESSOR_LEVEL, USERDOMAIN, LOGONSERVER, SESSIONNAME, ALLUSERSPROFILE, PROCESSOR_ARCHITECTURE, PSModulePath, SystemDrive, OneDrive, APPDATA, USERNAME, ProgramFiles(x86), VBOX_MSI_INSTALL_PATH, CommonProgramFiles, Path, PATHEXT, DriverData, OS, OneDriveConsumer, COMPUTERNAME, PROCESSOR_REVISION, CommonProgramW6432, PyCharm Community Edition, ComSpec, ProgramData, ProgramW6432, TEMP, HOMEPATH, SystemRoot, PROCESSOR_IDENTIFIER, HOMEDRIVE, USERPROFILE, TMP, CommonProgramFiles(x86), ProgramFiles, PUBLIC, windir, NUMBER_OF_PROCESSORS, =::]
2025-10-13T00:03:48.937+0200 [DEBUG] [org.gradle.launcher.daemon.server.exec.LogToClient] About to start relaying all logs to the client via the connection.
2025-10-13T00:03:48.937+0200 [INFO] [org.gradle.launcher.daemon.server.exec.LogToClient] The client will now receive all logging from the daemon (pid: 12392). The daemon log file: C:\Users\dream\Documents\git_school\KendyMonsters\gradle\daemon\8.14\daemon-12392.out.log
2025-10-13T00:03:48.938+0200 [INFO] [org.gradle.launcher.daemon.server.exec.LogAndCheckHealth] Starting 3rd build in daemon [uptime: 7 mins 3.309 secs, performance: 100%, GC rate: 0.00/s, heap usage: 0% of 512 MiB, non-heap usage: 22% of 384 MiB]
2025-10-13T00:03:48.938+0200 [DEBUG] [org.gradle.launcher.daemon.server.exec.ExecuteBuild] The daemon has started executing the build.
2025-10-13T00:03:48.939+0200 [DEBUG] [org.gradle.launcher.daemon.server.exec.ExecuteBuild] Executing build with daemon context: DefaultDaemonContext[uid=7b2cb46a-e54e-40e9-a59e-5e09860301c9,javaHome=C:\Users\dream\.jdks\ms-21.0.8,javaVersion=21,javaVendor=Microsoft,daemonRegistryDir=C:\Users\dream\Documents\git_school\KendyMonsters\gradle\daemon,pid=12392,idleTimeout=10800000,priority=NORMAL,applyInstrumentationAgent=true,nativeServicesMode=ENABLED,daemonOpts=-XX:MaxMetaspaceSize=384m,-XX:+HeapDumpOnOutOfMemoryError,-Xms256m,-Xmx512m,-Dfile.encoding=UTF-8,-Duser.country=FR,-Duser.language=fr,-Duser.variant]
e: file:///C:/Users/dream/Documents/git_school/KendyMonsters/src/main/kotlin/Test.kt:40:21 Conflicting declarations:
local val espece: <ERROR TYPE REF: Cannot infer variable type without initializer / getter / delegate>
local val espece: EspeceMonstre
e: file:///C:/Users/dream/Documents/git_school/KendyMonsters/src/main/kotlin/Test.kt:40:21 This variable must either have an explicit type or be initialized.
e: file:///C:/Users/dream/Documents/git_school/KendyMonsters/src/main/kotlin/Test.kt:40:29 Syntax error: Expecting an expression.
e: file:///C:/Users/dream/Documents/git_school/KendyMonsters/src/main/kotlin/Test.kt:40:34 Conflicting declarations:
local val espece: <ERROR TYPE REF: Cannot infer variable type without initializer / getter / delegate>
local val espece: EspeceMonstre

FAILURE: Build failed with an exception.

* What went wrong:
Execution failed for task ':compileKotlin'.
> A failure occurred while executing org.jetbrains.kotlin.compilerRunner.GradleCompilerRunnerWithWorkers$GradleKotlinCompilerWorkAction
   > Compilation error. See log for more details

* Try:
> Run with --stacktrace option to get the stack trace.
> Run with --info or --debug option to get more log output.
> Run with --scan to get full insights.
> Get more help at https://help.gradle.org.

BUILD FAILED in 1s
2 actionable tasks: 1 executed, 1 up-to-date
2025-10-13T00:03:50.018+0200 [DEBUG] [org.gradle.launcher.daemon.server.exec.ExecuteBuild] The daemon has finished executing the build.
2025-10-13T00:03:50.030+0200 [DEBUG] [org.gradle.launcher.daemon.server.DaemonStateCoordinator] daemon is running. Sleeping until state changes.
2025-10-13T00:03:50.031+0200 [DEBUG] [org.gradle.launcher.daemon.server.DaemonStateCoordinator] Command execution: finished waiting for DaemonCommandExecution[command = Build{id=7b157012-30a0-4f6c-94a6-96a3f61c5d78, currentDir=C:\Users\dream\Documents\git_school\KendyMonsters}, connection = DefaultDaemonConnection: socket connection from /127.0.0.1:52332 to /127.0.0.1:52651]. Result org.gradle.launcher.daemon.server.DaemonStateCoordinator@357dcee7 with state Busy
2025-10-13T00:03:50.031+0200 [DEBUG] [org.gradle.launcher.daemon.server.DaemonStateCoordinator] Command execution: completed DaemonCommandExecution[command = Build{id=7b157012-30a0-4f6c-94a6-96a3f61c5d78, currentDir=C:\Users\dream\Documents\git_school\KendyMonsters}, connection = DefaultDaemonConnection: socket connection from /127.0.0.1:52332 to /127.0.0.1:52651]
2025-10-13T00:03:50.031+0200 [DEBUG] [org.gradle.launcher.daemon.server.DaemonStateCoordinator] resetting idle timer
2025-10-13T00:03:50.031+0200 [INFO] [org.gradle.launcher.daemon.server.DaemonRegistryUpdater] Marking the daemon as idle, address: [a4e0bc31-3547-40e9-a955-b13245288222 port:52332, addresses:[localhost/127.0.0.1]]
2025-10-13T00:03:50.031+0200 [DEBUG] [org.gradle.launcher.daemon.registry.PersistentDaemonRegistry] Marking busy by address: [a4e0bc31-3547-40e9-a955-b13245288222 port:52332, addresses:[localhost/127.0.0.1]]
2025-10-13T00:03:50.032+0200 [DEBUG] [org.gradle.cache.internal.DefaultFileLockManager] Waiting to acquire exclusive lock on daemon addresses registry.
2025-10-13T00:03:50.033+0200 [DEBUG] [org.gradle.cache.internal.DefaultFileLockManager] Lock acquired on daemon addresses registry.
2025-10-13T00:03:50.034+0200 [DEBUG] [org.gradle.cache.internal.DefaultFileLockManager] Releasing lock on daemon addresses registry.
2025-10-13T00:03:50.034+0200 [DEBUG] [org.gradle.launcher.daemon.server.DaemonStateCoordinator] daemon is running. Sleeping until state changes.
2025-10-13T00:03:50.034+0200 [DEBUG] [org.gradle.launcher.daemon.server.exec.ReturnResult] Daemon is dispatching the build result: Success[value=org.gradle.launcher.exec.BuildActionResult@6aa0be4c]
2025-10-13T00:03:50.034+0200 [DEBUG] [org.gradle.launcher.daemon.server.SynchronizedDispatchConnection] thread 253: dispatching Success[value=org.gradle.launcher.exec.BuildActionResult@6aa0be4c]
2025-10-13T00:03:50.036+0200 [DEBUG] [org.gradle.launcher.daemon.server.DefaultIncomingConnectionHandler] Finishing executing command: Build{id=7b157012-30a0-4f6c-94a6-96a3f61c5d78, currentDir=C:\Users\dream\Documents\git_school\KendyMonsters}
2025-10-13T00:03:50.036+0200 [DEBUG] [org.gradle.launcher.daemon.server.exec.CleanUpVirtualFileSystemAfterBuild] Cleaning virtual file system after build finished
2025-10-13T00:03:50.038+0200 [DEBUG] [org.gradle.launcher.daemon.server.SynchronizedDispatchConnection] thread 255: received class org.gradle.launcher.daemon.protocol.CloseInput
2025-10-13T00:03:50.039+0200 [DEBUG] [org.gradle.launcher.daemon.server.DefaultDaemonConnection] thread 255: Received IO message from client: org.gradle.launcher.daemon.protocol.CloseInput@158c46d0
2025-10-13T00:03:50.039+0200 [DEBUG] [org.gradle.launcher.daemon.server.SynchronizedDispatchConnection] thread 255: received class org.gradle.launcher.daemon.protocol.Finished
2025-10-13T00:03:50.039+0200 [DEBUG] [org.gradle.launcher.daemon.server.DefaultDaemonConnection] thread 255: Received non-IO message from client: org.gradle.launcher.daemon.protocol.Finished@1b4baa11
2025-10-13T00:03:50.039+0200 [DEBUG] [org.gradle.launcher.daemon.server.DefaultIncomingConnectionHandler] Received finished message: org.gradle.launcher.daemon.protocol.Finished@1b4baa11
2025-10-13T00:03:50.039+0200 [DEBUG] [org.gradle.internal.remote.internal.inet.SocketConnection] Discarding EOFException: java.io.EOFException
2025-10-13T00:03:50.039+0200 [DEBUG] [org.gradle.launcher.daemon.server.SynchronizedDispatchConnection] thread 253: stopping connection
2025-10-13T00:03:50.039+0200 [DEBUG] [org.gradle.launcher.daemon.server.SynchronizedDispatchConnection] thread 255: received null
2025-10-13T00:03:50.040+0200 [DEBUG] [org.gradle.launcher.daemon.server.DefaultDaemonConnection] thread 255: Received end-of-input from client.
2025-10-13T00:03:50.040+0200 [DEBUG] [org.gradle.launcher.daemon.server.SynchronizedDispatchConnection] thread 253: stopping connection
2025-10-13T00:03:53.716+0200 [DEBUG] [org.gradle.process.internal.health.memory.DefaultMemoryManager] 848118169 physical memory requested, 837074944 free
2025-10-13T00:03:53.717+0200 [DEBUG] [org.gradle.workers.internal.WorkerDaemonExpiration] Will attempt to release 808 of memory
2025-10-13T00:03:53.717+0200 [DEBUG] [org.gradle.process.internal.health.memory.DefaultMemoryManager] 848118169 physical memory requested, 0 released, 837074944 free
2025-10-13T00:03:56.056+0200 [DEBUG] [org.gradle.cache.internal.DefaultFileLockManager] Waiting to acquire shared lock on daemon addresses registry.
2025-10-13T00:03:56.057+0200 [DEBUG] [org.gradle.cache.internal.DefaultFileLockManager] Lock acquired on daemon addresses registry.
2025-10-13T00:03:56.057+0200 [DEBUG] [org.gradle.cache.internal.DefaultFileLockManager] Releasing lock on daemon addresses registry.
2025-10-13T00:03:56.058+0200 [DEBUG] [org.gradle.cache.internal.DefaultFileLockManager] Waiting to acquire shared lock on daemon addresses registry.
2025-10-13T00:03:56.058+0200 [DEBUG] [org.gradle.cache.internal.DefaultFileLockManager] Lock acquired on daemon addresses registry.
2025-10-13T00:03:56.058+0200 [DEBUG] [org.gradle.cache.internal.DefaultFileLockManager] Releasing lock on daemon addresses registry.
2025-10-13T00:04:04.324+0200 [DEBUG] [sun.rmi.transport.tcp] RMI Scheduler(0): close connection, socket: Socket[addr=localhost/127.0.0.1,port=17661,localport=52652]
2025-10-13T00:04:04.325+0200 [DEBUG] [sun.rmi.transport.tcp] RMI Scheduler(0): close connection, socket: Socket[addr=localhost/127.0.0.1,port=17661,localport=52653]
2025-10-13T00:04:06.056+0200 [DEBUG] [org.gradle.cache.internal.DefaultFileLockManager] Waiting to acquire shared lock on daemon addresses registry.
2025-10-13T00:04:06.056+0200 [DEBUG] [org.gradle.cache.internal.DefaultFileLockManager] Lock acquired on daemon addresses registry.
2025-10-13T00:04:06.057+0200 [DEBUG] [org.gradle.cache.internal.DefaultFileLockManager] Releasing lock on daemon addresses registry.
2025-10-13T00:04:06.058+0200 [DEBUG] [org.gradle.cache.internal.DefaultFileLockManager] Waiting to acquire shared lock on daemon addresses registry.
2025-10-13T00:04:06.058+0200 [DEBUG] [org.gradle.cache.internal.DefaultFileLockManager] Lock acquired on daemon addresses registry.
2025-10-13T00:04:06.058+0200 [DEBUG] [org.gradle.cache.internal.DefaultFileLockManager] Releasing lock on daemon addresses registry.
2025-10-13T00:04:06.059+0200 [DEBUG] [org.gradle.cache.internal.DefaultFileLockManager] Waiting to acquire shared lock on daemon addresses registry.
2025-10-13T00:04:06.059+0200 [DEBUG] [org.gradle.cache.internal.DefaultFileLockManager] Lock acquired on daemon addresses registry.
2025-10-13T00:04:06.059+0200 [DEBUG] [org.gradle.cache.internal.DefaultFileLockManager] Releasing lock on daemon addresses registry.
2025-10-13T00:04:08.719+0200 [DEBUG] [org.gradle.process.internal.health.memory.DefaultMemoryManager] 848118169 physical memory requested, 843857920 free
2025-10-13T00:04:08.719+0200 [DEBUG] [org.gradle.workers.internal.WorkerDaemonExpiration] Will attempt to release 808 of memory
2025-10-13T00:04:08.720+0200 [DEBUG] [org.gradle.process.internal.health.memory.DefaultMemoryManager] 848118169 physical memory requested, 0 released, 843857920 free
2025-10-13T00:04:09.353+0200 [DEBUG] [org.gradle.internal.watch.vfs.impl.WatchingVirtualFileSystem] Handling VFS change CREATED C:\Users\dream\Documents\git_school\KendyMonsters\src\main\kotlin\Test.kt~
2025-10-13T00:04:09.357+0200 [DEBUG] [org.gradle.internal.watch.vfs.impl.WatchingVirtualFileSystem] Handling VFS change MODIFIED C:\Users\dream\Documents\git_school\KendyMonsters\src\main\kotlin\Test.kt
2025-10-13T00:04:13.720+0200 [DEBUG] [org.gradle.process.internal.health.memory.DefaultMemoryManager] 848118169 physical memory requested, 810885120 free
2025-10-13T00:04:13.720+0200 [DEBUG] [org.gradle.workers.internal.WorkerDaemonExpiration] Will attempt to release 808 of memory
2025-10-13T00:04:13.720+0200 [DEBUG] [org.gradle.process.internal.health.memory.DefaultMemoryManager] 848118169 physical memory requested, 0 released, 810885120 free
2025-10-13T00:04:16.058+0200 [DEBUG] [org.gradle.cache.internal.DefaultFileLockManager] Waiting to acquire shared lock on daemon addresses registry.
2025-10-13T00:04:16.059+0200 [DEBUG] [org.gradle.cache.internal.DefaultFileLockManager] Lock acquired on daemon addresses registry.
2025-10-13T00:04:16.060+0200 [DEBUG] [org.gradle.cache.internal.DefaultFileLockManager] Releasing lock on daemon addresses registry.
2025-10-13T00:04:16.064+0200 [DEBUG] [org.gradle.cache.internal.DefaultFileLockManager] Waiting to acquire shared lock on daemon addresses registry.
2025-10-13T00:04:16.065+0200 [DEBUG] [org.gradle.cache.internal.DefaultFileLockManager] Lock acquired on daemon addresses registry.
2025-10-13T00:04:16.066+0200 [DEBUG] [org.gradle.cache.internal.DefaultFileLockManager] Releasing lock on daemon addresses registry.
2025-10-13T00:04:16.068+0200 [DEBUG] [org.gradle.cache.internal.DefaultFileLockManager] Waiting to acquire shared lock on daemon addresses registry.
2025-10-13T00:04:16.069+0200 [DEBUG] [org.gradle.cache.internal.DefaultFileLockManager] Lock acquired on daemon addresses registry.
2025-10-13T00:04:16.069+0200 [DEBUG] [org.gradle.cache.internal.DefaultFileLockManager] Releasing lock on daemon addresses registry.
2025-10-13T00:04:18.717+0200 [DEBUG] [org.gradle.process.internal.health.memory.DefaultMemoryManager] 848118169 physical memory requested, 811474944 free
2025-10-13T00:04:18.718+0200 [DEBUG] [org.gradle.workers.internal.WorkerDaemonExpiration] Will attempt to release 808 of memory
2025-10-13T00:04:18.718+0200 [DEBUG] [org.gradle.process.internal.health.memory.DefaultMemoryManager] 848118169 physical memory requested, 0 released, 811474944 free
2025-10-13T00:04:19.569+0200 [DEBUG] [sun.rmi.transport.tcp] RMI Scheduler(0): close connection, socket: Socket[addr=localhost/127.0.0.1,port=17661,localport=52654]
2025-10-13T00:04:19.574+0200 [DEBUG] [sun.rmi.transport.tcp] RMI Scheduler(0): close connection, socket: Socket[addr=localhost/127.0.0.1,port=17661,localport=52655]
2025-10-13T00:04:19.598+0200 [DEBUG] [sun.rmi.transport.tcp] RMI TCP Connection(4)-127.0.0.1: (port 52349) connection closed
2025-10-13T00:04:19.599+0200 [DEBUG] [sun.rmi.transport.tcp] RMI TCP Connection(4)-127.0.0.1: close connection, socket: Socket[addr=/127.0.0.1,port=52656,localport=52349]
2025-10-13T00:04:19.599+0200 [DEBUG] [sun.rmi.transport.tcp] RMI TCP Connection(4)-127.0.0.1: socket close: Socket[addr=/127.0.0.1,port=52656,localport=52349]
2025-10-13T00:04:23.717+0200 [DEBUG] [org.gradle.process.internal.health.memory.DefaultMemoryManager] 848118169 physical memory requested, 807231488 free
2025-10-13T00:04:23.717+0200 [DEBUG] [org.gradle.workers.internal.WorkerDaemonExpiration] Will attempt to release 808 of memory
2025-10-13T00:04:23.717+0200 [DEBUG] [org.gradle.process.internal.health.memory.DefaultMemoryManager] 848118169 physical memory requested, 0 released, 807231488 free
2025-10-13T00:04:26.055+0200 [DEBUG] [org.gradle.cache.internal.DefaultFileLockManager] Waiting to acquire shared lock on daemon addresses registry.
2025-10-13T00:04:26.055+0200 [DEBUG] [org.gradle.cache.internal.DefaultFileLockManager] Lock acquired on daemon addresses registry.
2025-10-13T00:04:26.055+0200 [DEBUG] [org.gradle.cache.internal.DefaultFileLockManager] Releasing lock on daemon addresses registry.
2025-10-13T00:04:26.056+0200 [DEBUG] [org.gradle.cache.internal.DefaultFileLockManager] Waiting to acquire shared lock on daemon addresses registry.
2025-10-13T00:04:26.056+0200 [DEBUG] [org.gradle.cache.internal.DefaultFileLockManager] Lock acquired on daemon addresses registry.
2025-10-13T00:04:26.056+0200 [DEBUG] [org.gradle.cache.internal.DefaultFileLockManager] Releasing lock on daemon addresses registry.
2025-10-13T00:04:26.057+0200 [DEBUG] [org.gradle.cache.internal.DefaultFileLockManager] Waiting to acquire shared lock on daemon addresses registry.
2025-10-13T00:04:26.057+0200 [DEBUG] [org.gradle.cache.internal.DefaultFileLockManager] Lock acquired on daemon addresses registry.
2025-10-13T00:04:26.057+0200 [DEBUG] [org.gradle.cache.internal.DefaultFileLockManager] Releasing lock on daemon addresses registry.
2025-10-13T00:04:28.715+0200 [DEBUG] [org.gradle.process.internal.health.memory.DefaultMemoryManager] 848118169 physical memory requested, 822460416 free
2025-10-13T00:04:28.715+0200 [DEBUG] [org.gradle.workers.internal.WorkerDaemonExpiration] Will attempt to release 808 of memory
2025-10-13T00:04:28.715+0200 [DEBUG] [org.gradle.process.internal.health.memory.DefaultMemoryManager] 848118169 physical memory requested, 0 released, 822460416 free
2025-10-13T00:04:32.401+0200 [DEBUG] [org.gradle.internal.remote.internal.inet.TcpIncomingConnector] Accepted connection from /127.0.0.1:52680 to /127.0.0.1:52332.
2025-10-13T00:04:32.405+0200 [DEBUG] [org.gradle.launcher.daemon.server.SynchronizedDispatchConnection] thread 338: received class org.gradle.launcher.daemon.protocol.InvalidateVirtualFileSystemAfterChange
2025-10-13T00:04:32.405+0200 [DEBUG] [org.gradle.launcher.daemon.server.DefaultDaemonConnection] thread 338: Received non-IO message from client: InvalidateVirtualFileSystemAfterChange[id=c548055d-1bf9-44c6-8897-87513b7c2f57]
2025-10-13T00:04:32.405+0200 [INFO] [org.gradle.launcher.daemon.server.DefaultIncomingConnectionHandler] Received command: InvalidateVirtualFileSystemAfterChange[id=c548055d-1bf9-44c6-8897-87513b7c2f57].
2025-10-13T00:04:32.406+0200 [DEBUG] [org.gradle.launcher.daemon.server.DefaultIncomingConnectionHandler] Starting executing command: InvalidateVirtualFileSystemAfterChange[id=c548055d-1bf9-44c6-8897-87513b7c2f57] with connection: socket connection from /127.0.0.1:52332 to /127.0.0.1:52680.
2025-10-13T00:04:32.406+0200 [INFO] [org.gradle.launcher.daemon.server.api.HandleInvalidateVirtualFileSystem] Invalidating [C:\Users\dream\Documents\git_school\KendyMonsters\src\main\kotlin\Test.kt]
2025-10-13T00:04:32.406+0200 [DEBUG] [org.gradle.internal.vfs.impl.AbstractVirtualFileSystem] Invalidating VFS paths: [C:\Users\dream\Documents\git_school\KendyMonsters\src\main\kotlin\Test.kt]
2025-10-13T00:04:32.406+0200 [DEBUG] [org.gradle.launcher.daemon.server.SynchronizedDispatchConnection] thread 253: dispatching Success[value=null]
2025-10-13T00:04:32.406+0200 [DEBUG] [org.gradle.launcher.daemon.server.DefaultIncomingConnectionHandler] Finishing executing command: InvalidateVirtualFileSystemAfterChange[id=c548055d-1bf9-44c6-8897-87513b7c2f57]
2025-10-13T00:04:32.406+0200 [DEBUG] [org.gradle.launcher.daemon.server.SynchronizedDispatchConnection] thread 338: received class org.gradle.launcher.daemon.protocol.Finished
2025-10-13T00:04:32.406+0200 [DEBUG] [org.gradle.launcher.daemon.server.DefaultDaemonConnection] thread 338: Received non-IO message from client: org.gradle.launcher.daemon.protocol.Finished@6c000c40
2025-10-13T00:04:32.406+0200 [DEBUG] [org.gradle.launcher.daemon.server.DefaultIncomingConnectionHandler] Received finished message: org.gradle.launcher.daemon.protocol.Finished@6c000c40
2025-10-13T00:04:32.406+0200 [DEBUG] [org.gradle.launcher.daemon.server.SynchronizedDispatchConnection] thread 253: stopping connection
2025-10-13T00:04:32.407+0200 [DEBUG] [org.gradle.internal.remote.internal.inet.SocketConnection] Discarding EOFException: java.io.EOFException
2025-10-13T00:04:32.407+0200 [DEBUG] [org.gradle.launcher.daemon.server.SynchronizedDispatchConnection] thread 338: received null
2025-10-13T00:04:32.407+0200 [DEBUG] [org.gradle.launcher.daemon.server.DefaultDaemonConnection] thread 338: Received end-of-input from client.
2025-10-13T00:04:32.407+0200 [DEBUG] [org.gradle.launcher.daemon.server.SynchronizedDispatchConnection] thread 253: stopping connection
2025-10-13T00:04:32.407+0200 [DEBUG] [org.gradle.internal.remote.internal.inet.TcpIncomingConnector] Accepted connection from /127.0.0.1:52681 to /127.0.0.1:52332.
2025-10-13T00:04:32.412+0200 [DEBUG] [org.gradle.launcher.daemon.server.SynchronizedDispatchConnection] thread 339: received class org.gradle.launcher.daemon.protocol.Build
2025-10-13T00:04:32.412+0200 [DEBUG] [org.gradle.launcher.daemon.server.DefaultDaemonConnection] thread 339: Received non-IO message from client: Build{id=c2780880-38ee-4574-8134-12963daaea1a, currentDir=C:\Users\dream\Documents\git_school\KendyMonsters}
2025-10-13T00:04:32.412+0200 [INFO] [org.gradle.launcher.daemon.server.DefaultIncomingConnectionHandler] Received command: Build{id=c2780880-38ee-4574-8134-12963daaea1a, currentDir=C:\Users\dream\Documents\git_school\KendyMonsters}.
2025-10-13T00:04:32.412+0200 [DEBUG] [org.gradle.launcher.daemon.server.DefaultIncomingConnectionHandler] Starting executing command: Build{id=c2780880-38ee-4574-8134-12963daaea1a, currentDir=C:\Users\dream\Documents\git_school\KendyMonsters} with connection: socket connection from /127.0.0.1:52332 to /127.0.0.1:52681.
2025-10-13T00:04:32.412+0200 [DEBUG] [org.gradle.launcher.daemon.server.DaemonStateCoordinator] Command execution: started DaemonCommandExecution[command = Build{id=c2780880-38ee-4574-8134-12963daaea1a, currentDir=C:\Users\dream\Documents\git_school\KendyMonsters}, connection = DefaultDaemonConnection: socket connection from /127.0.0.1:52332 to /127.0.0.1:52681] after 0.7063333333333334 minutes of idle
2025-10-13T00:04:32.412+0200 [INFO] [org.gradle.launcher.daemon.server.DaemonRegistryUpdater] Marking the daemon as busy, address: [a4e0bc31-3547-40e9-a955-b13245288222 port:52332, addresses:[localhost/127.0.0.1]]
2025-10-13T00:04:32.412+0200 [DEBUG] [org.gradle.launcher.daemon.registry.PersistentDaemonRegistry] Marking busy by address: [a4e0bc31-3547-40e9-a955-b13245288222 port:52332, addresses:[localhost/127.0.0.1]]
2025-10-13T00:04:32.413+0200 [DEBUG] [org.gradle.cache.internal.DefaultFileLockManager] Waiting to acquire exclusive lock on daemon addresses registry.
2025-10-13T00:04:32.413+0200 [DEBUG] [org.gradle.cache.internal.DefaultFileLockManager] Lock acquired on daemon addresses registry.
2025-10-13T00:04:32.414+0200 [DEBUG] [org.gradle.cache.internal.DefaultFileLockManager] Releasing lock on daemon addresses registry.
2025-10-13T00:04:32.415+0200 [DEBUG] [org.gradle.launcher.daemon.server.DaemonStateCoordinator] resetting idle timer
2025-10-13T00:04:32.415+0200 [DEBUG] [org.gradle.launcher.daemon.server.DaemonStateCoordinator] daemon is running. Sleeping until state changes.
2025-10-13T00:04:32.415+0200 [INFO] [org.gradle.launcher.daemon.server.exec.StartBuildOrRespondWithBusy] Daemon is about to start building Build{id=c2780880-38ee-4574-8134-12963daaea1a, currentDir=C:\Users\dream\Documents\git_school\KendyMonsters}. Dispatching build started information...
2025-10-13T00:04:32.415+0200 [DEBUG] [org.gradle.launcher.daemon.server.SynchronizedDispatchConnection] thread 257: dispatching org.gradle.launcher.daemon.protocol.BuildStarted@6959aad4
2025-10-13T00:04:32.416+0200 [DEBUG] [org.gradle.launcher.daemon.server.exec.EstablishBuildEnvironment] Configuring env variables: [USERDOMAIN_ROAMINGPROFILE, LOCALAPPDATA, PROCESSOR_LEVEL, USERDOMAIN, LOGONSERVER, SESSIONNAME, ALLUSERSPROFILE, PROCESSOR_ARCHITECTURE, PSModulePath, SystemDrive, OneDrive, APPDATA, USERNAME, ProgramFiles(x86), VBOX_MSI_INSTALL_PATH, CommonProgramFiles, Path, PATHEXT, DriverData, OS, OneDriveConsumer, COMPUTERNAME, PROCESSOR_REVISION, CommonProgramW6432, PyCharm Community Edition, ComSpec, ProgramData, ProgramW6432, TEMP, HOMEPATH, SystemRoot, PROCESSOR_IDENTIFIER, HOMEDRIVE, USERPROFILE, TMP, CommonProgramFiles(x86), ProgramFiles, PUBLIC, windir, NUMBER_OF_PROCESSORS, =::]
2025-10-13T00:04:32.416+0200 [DEBUG] [org.gradle.launcher.daemon.server.exec.LogToClient] About to start relaying all logs to the client via the connection.
2025-10-13T00:04:32.416+0200 [INFO] [org.gradle.launcher.daemon.server.exec.LogToClient] The client will now receive all logging from the daemon (pid: 12392). The daemon log file: C:\Users\dream\Documents\git_school\KendyMonsters\gradle\daemon\8.14\daemon-12392.out.log
2025-10-13T00:04:32.417+0200 [INFO] [org.gradle.launcher.daemon.server.exec.LogAndCheckHealth] Starting 4th build in daemon [uptime: 7 mins 46.788 secs, performance: 99%, GC rate: 0.00/s, heap usage: 0% of 512 MiB, non-heap usage: 22% of 384 MiB]
2025-10-13T00:04:32.417+0200 [DEBUG] [org.gradle.launcher.daemon.server.exec.ExecuteBuild] The daemon has started executing the build.
2025-10-13T00:04:32.417+0200 [DEBUG] [org.gradle.launcher.daemon.server.exec.ExecuteBuild] Executing build with daemon context: DefaultDaemonContext[uid=7b2cb46a-e54e-40e9-a59e-5e09860301c9,javaHome=C:\Users\dream\.jdks\ms-21.0.8,javaVersion=21,javaVendor=Microsoft,daemonRegistryDir=C:\Users\dream\Documents\git_school\KendyMonsters\gradle\daemon,pid=12392,idleTimeout=10800000,priority=NORMAL,applyInstrumentationAgent=true,nativeServicesMode=ENABLED,daemonOpts=-XX:MaxMetaspaceSize=384m,-XX:+HeapDumpOnOutOfMemoryError,-Xms256m,-Xmx512m,-Dfile.encoding=UTF-8,-Duser.country=FR,-Duser.language=fr,-Duser.variant]

BUILD SUCCESSFUL in 1s
2 actionable tasks: 1 executed, 1 up-to-date
2025-10-13T00:04:33.523+0200 [DEBUG] [org.gradle.launcher.daemon.server.exec.ExecuteBuild] The daemon has finished executing the build.
2025-10-13T00:04:33.529+0200 [DEBUG] [org.gradle.launcher.daemon.server.DaemonStateCoordinator] daemon is running. Sleeping until state changes.
2025-10-13T00:04:33.529+0200 [DEBUG] [org.gradle.launcher.daemon.server.DaemonStateCoordinator] Command execution: finished waiting for DaemonCommandExecution[command = Build{id=c2780880-38ee-4574-8134-12963daaea1a, currentDir=C:\Users\dream\Documents\git_school\KendyMonsters}, connection = DefaultDaemonConnection: socket connection from /127.0.0.1:52332 to /127.0.0.1:52681]. Result org.gradle.launcher.daemon.server.DaemonStateCoordinator@357dcee7 with state Busy
2025-10-13T00:04:33.529+0200 [DEBUG] [org.gradle.launcher.daemon.server.DaemonStateCoordinator] Command execution: completed DaemonCommandExecution[command = Build{id=c2780880-38ee-4574-8134-12963daaea1a, currentDir=C:\Users\dream\Documents\git_school\KendyMonsters}, connection = DefaultDaemonConnection: socket connection from /127.0.0.1:52332 to /127.0.0.1:52681]
2025-10-13T00:04:33.530+0200 [DEBUG] [org.gradle.launcher.daemon.server.DaemonStateCoordinator] resetting idle timer
2025-10-13T00:04:33.530+0200 [INFO] [org.gradle.launcher.daemon.server.DaemonRegistryUpdater] Marking the daemon as idle, address: [a4e0bc31-3547-40e9-a955-b13245288222 port:52332, addresses:[localhost/127.0.0.1]]
2025-10-13T00:04:33.530+0200 [DEBUG] [org.gradle.launcher.daemon.registry.PersistentDaemonRegistry] Marking busy by address: [a4e0bc31-3547-40e9-a955-b13245288222 port:52332, addresses:[localhost/127.0.0.1]]
2025-10-13T00:04:33.531+0200 [DEBUG] [org.gradle.cache.internal.DefaultFileLockManager] Waiting to acquire exclusive lock on daemon addresses registry.
2025-10-13T00:04:33.532+0200 [DEBUG] [org.gradle.cache.internal.DefaultFileLockManager] Lock acquired on daemon addresses registry.
2025-10-13T00:04:33.534+0200 [DEBUG] [org.gradle.cache.internal.DefaultFileLockManager] Releasing lock on daemon addresses registry.
2025-10-13T00:04:33.534+0200 [DEBUG] [org.gradle.launcher.daemon.server.DaemonStateCoordinator] daemon is running. Sleeping until state changes.
2025-10-13T00:04:33.534+0200 [DEBUG] [org.gradle.launcher.daemon.server.exec.ReturnResult] Daemon is dispatching the build result: Success[value=org.gradle.launcher.exec.BuildActionResult@544fdff4]
2025-10-13T00:04:33.534+0200 [DEBUG] [org.gradle.launcher.daemon.server.SynchronizedDispatchConnection] thread 253: dispatching Success[value=org.gradle.launcher.exec.BuildActionResult@544fdff4]
2025-10-13T00:04:33.534+0200 [DEBUG] [org.gradle.launcher.daemon.server.exec.CleanUpVirtualFileSystemAfterBuild] Cleaning virtual file system after build finished
2025-10-13T00:04:33.534+0200 [DEBUG] [org.gradle.launcher.daemon.server.DefaultIncomingConnectionHandler] Finishing executing command: Build{id=c2780880-38ee-4574-8134-12963daaea1a, currentDir=C:\Users\dream\Documents\git_school\KendyMonsters}
2025-10-13T00:04:33.534+0200 [DEBUG] [org.gradle.launcher.daemon.server.SynchronizedDispatchConnection] thread 339: received class org.gradle.launcher.daemon.protocol.CloseInput
2025-10-13T00:04:33.534+0200 [DEBUG] [org.gradle.launcher.daemon.server.DefaultDaemonConnection] thread 339: Received IO message from client: org.gradle.launcher.daemon.protocol.CloseInput@403ebc4e
2025-10-13T00:04:33.535+0200 [DEBUG] [org.gradle.launcher.daemon.server.SynchronizedDispatchConnection] thread 339: received class org.gradle.launcher.daemon.protocol.Finished
2025-10-13T00:04:33.535+0200 [DEBUG] [org.gradle.launcher.daemon.server.DefaultDaemonConnection] thread 339: Received non-IO message from client: org.gradle.launcher.daemon.protocol.Finished@4ef95a39
2025-10-13T00:04:33.535+0200 [DEBUG] [org.gradle.launcher.daemon.server.DefaultIncomingConnectionHandler] Received finished message: org.gradle.launcher.daemon.protocol.Finished@4ef95a39
2025-10-13T00:04:33.535+0200 [DEBUG] [org.gradle.launcher.daemon.server.SynchronizedDispatchConnection] thread 253: stopping connection
2025-10-13T00:04:33.535+0200 [DEBUG] [org.gradle.internal.remote.internal.inet.SocketConnection] Discarding EOFException: java.io.EOFException
2025-10-13T00:04:33.535+0200 [DEBUG] [org.gradle.launcher.daemon.server.SynchronizedDispatchConnection] thread 339: received null
2025-10-13T00:04:33.535+0200 [DEBUG] [org.gradle.launcher.daemon.server.DefaultDaemonConnection] thread 339: Received end-of-input from client.
2025-10-13T00:04:33.535+0200 [DEBUG] [org.gradle.launcher.daemon.server.SynchronizedDispatchConnection] thread 253: stopping connection
2025-10-13T00:04:33.730+0200 [DEBUG] [org.gradle.process.internal.health.memory.DefaultMemoryManager] 848118169 physical memory requested, 695693312 free
2025-10-13T00:04:33.730+0200 [DEBUG] [org.gradle.workers.internal.WorkerDaemonExpiration] Will attempt to release 808 of memory
2025-10-13T00:04:33.730+0200 [DEBUG] [org.gradle.process.internal.health.memory.DefaultMemoryManager] 848118169 physical memory requested, 0 released, 695693312 free
2025-10-13T00:04:36.055+0200 [DEBUG] [org.gradle.cache.internal.DefaultFileLockManager] Waiting to acquire shared lock on daemon addresses registry.
2025-10-13T00:04:36.055+0200 [DEBUG] [org.gradle.cache.internal.DefaultFileLockManager] Lock acquired on daemon addresses registry.
2025-10-13T00:04:36.055+0200 [DEBUG] [org.gradle.cache.internal.DefaultFileLockManager] Releasing lock on daemon addresses registry.
2025-10-13T00:04:36.056+0200 [DEBUG] [org.gradle.cache.internal.DefaultFileLockManager] Waiting to acquire shared lock on daemon addresses registry.
2025-10-13T00:04:36.056+0200 [DEBUG] [org.gradle.cache.internal.DefaultFileLockManager] Lock acquired on daemon addresses registry.
2025-10-13T00:04:36.057+0200 [DEBUG] [org.gradle.cache.internal.DefaultFileLockManager] Releasing lock on daemon addresses registry.
2025-10-13T00:04:38.715+0200 [DEBUG] [org.gradle.process.internal.health.memory.DefaultMemoryManager] 848118169 physical memory requested, 744001536 free
2025-10-13T00:04:38.716+0200 [DEBUG] [org.gradle.workers.internal.WorkerDaemonExpiration] Will attempt to release 808 of memory
2025-10-13T00:04:38.716+0200 [DEBUG] [org.gradle.process.internal.health.memory.DefaultMemoryManager] 848118169 physical memory requested, 0 released, 744001536 free
2025-10-13T00:04:43.716+0200 [DEBUG] [org.gradle.process.internal.health.memory.DefaultMemoryManager] 848118169 physical memory requested, 741343232 free
2025-10-13T00:04:43.716+0200 [DEBUG] [org.gradle.workers.internal.WorkerDaemonExpiration] Will attempt to release 808 of memory
2025-10-13T00:04:43.716+0200 [DEBUG] [org.gradle.process.internal.health.memory.DefaultMemoryManager] 848118169 physical memory requested, 0 released, 741343232 free
2025-10-13T00:04:46.056+0200 [DEBUG] [org.gradle.cache.internal.DefaultFileLockManager] Waiting to acquire shared lock on daemon addresses registry.
2025-10-13T00:04:46.056+0200 [DEBUG] [org.gradle.cache.internal.DefaultFileLockManager] Lock acquired on daemon addresses registry.
2025-10-13T00:04:46.056+0200 [DEBUG] [org.gradle.cache.internal.DefaultFileLockManager] Releasing lock on daemon addresses registry.
2025-10-13T00:04:46.057+0200 [DEBUG] [org.gradle.cache.internal.DefaultFileLockManager] Waiting to acquire shared lock on daemon addresses registry.
2025-10-13T00:04:46.057+0200 [DEBUG] [org.gradle.cache.internal.DefaultFileLockManager] Lock acquired on daemon addresses registry.
2025-10-13T00:04:46.057+0200 [DEBUG] [org.gradle.cache.internal.DefaultFileLockManager] Releasing lock on daemon addresses registry.
2025-10-13T00:04:46.058+0200 [DEBUG] [org.gradle.cache.internal.DefaultFileLockManager] Waiting to acquire shared lock on daemon addresses registry.
2025-10-13T00:04:46.058+0200 [DEBUG] [org.gradle.cache.internal.DefaultFileLockManager] Lock acquired on daemon addresses registry.
2025-10-13T00:04:46.059+0200 [DEBUG] [org.gradle.cache.internal.DefaultFileLockManager] Releasing lock on daemon addresses registry.
2025-10-13T00:04:46.642+0200 [DEBUG] [sun.rmi.transport.tcp] RMI TCP Connection(7)-127.0.0.1: accepted socket from [127.0.0.1:52704]
2025-10-13T00:04:46.643+0200 [DEBUG] [sun.rmi.transport.tcp] RMI TCP Connection(7)-127.0.0.1: (port 52349) op = 80
2025-10-13T00:04:46.643+0200 [DEBUG] [sun.rmi.loader] RMI TCP Connection(7)-127.0.0.1: name = "[Ljava.rmi.server.ObjID;", codebase = "", defaultLoader = jdk.internal.loader.ClassLoaders$PlatformClassLoader@31bcd845
2025-10-13T00:04:46.644+0200 [DEBUG] [sun.rmi.loader] RMI TCP Connection(7)-127.0.0.1: name = "java.rmi.dgc.Lease", codebase = "", defaultLoader = jdk.internal.loader.ClassLoaders$PlatformClassLoader@31bcd845
2025-10-13T00:04:46.644+0200 [DEBUG] [sun.rmi.loader] RMI TCP Connection(7)-127.0.0.1: name = "java.rmi.dgc.VMID", codebase = "", defaultLoader = jdk.internal.loader.ClassLoaders$PlatformClassLoader@31bcd845
2025-10-13T00:04:46.644+0200 [DEBUG] [sun.rmi.loader] RMI TCP Connection(7)-127.0.0.1: name = "[B", codebase = "", defaultLoader = jdk.internal.loader.ClassLoaders$PlatformClassLoader@31bcd845
2025-10-13T00:04:46.644+0200 [DEBUG] [sun.rmi.loader] RMI TCP Connection(7)-127.0.0.1: name = "java.rmi.server.UID", codebase = "", defaultLoader = jdk.internal.loader.ClassLoaders$PlatformClassLoader@31bcd845
2025-10-13T00:04:48.039+0200 [DEBUG] [sun.rmi.transport.tcp] RMI TCP Connection(6)-127.0.0.1: (port 52349) connection closed
2025-10-13T00:04:48.039+0200 [DEBUG] [sun.rmi.transport.tcp] RMI TCP Connection(6)-127.0.0.1: close connection, socket: Socket[addr=/127.0.0.1,port=52685,localport=52349]
2025-10-13T00:04:48.040+0200 [DEBUG] [sun.rmi.transport.tcp] RMI TCP Connection(6)-127.0.0.1: socket close: Socket[addr=/127.0.0.1,port=52685,localport=52349]
2025-10-13T00:04:48.719+0200 [DEBUG] [org.gradle.process.internal.health.memory.DefaultMemoryManager] 848118169 physical memory requested, 741724160 free
2025-10-13T00:04:48.719+0200 [DEBUG] [org.gradle.workers.internal.WorkerDaemonExpiration] Will attempt to release 808 of memory
2025-10-13T00:04:48.719+0200 [DEBUG] [org.gradle.process.internal.health.memory.DefaultMemoryManager] 848118169 physical memory requested, 0 released, 741724160 free
2025-10-13T00:04:53.718+0200 [DEBUG] [org.gradle.process.internal.health.memory.DefaultMemoryManager] 848118169 physical memory requested, 737566720 free
2025-10-13T00:04:53.718+0200 [DEBUG] [org.gradle.workers.internal.WorkerDaemonExpiration] Will attempt to release 808 of memory
2025-10-13T00:04:53.718+0200 [DEBUG] [org.gradle.process.internal.health.memory.DefaultMemoryManager] 848118169 physical memory requested, 0 released, 737566720 free
2025-10-13T00:04:56.054+0200 [DEBUG] [org.gradle.cache.internal.DefaultFileLockManager] Waiting to acquire shared lock on daemon addresses registry.
2025-10-13T00:04:56.054+0200 [DEBUG] [org.gradle.cache.internal.DefaultFileLockManager] Lock acquired on daemon addresses registry.
2025-10-13T00:04:56.054+0200 [DEBUG] [org.gradle.cache.internal.DefaultFileLockManager] Releasing lock on daemon addresses registry.
2025-10-13T00:04:56.055+0200 [DEBUG] [org.gradle.cache.internal.DefaultFileLockManager] Waiting to acquire shared lock on daemon addresses registry.
2025-10-13T00:04:56.055+0200 [DEBUG] [org.gradle.cache.internal.DefaultFileLockManager] Lock acquired on daemon addresses registry.
2025-10-13T00:04:56.055+0200 [DEBUG] [org.gradle.cache.internal.DefaultFileLockManager] Releasing lock on daemon addresses registry.
2025-10-13T00:04:56.056+0200 [DEBUG] [org.gradle.cache.internal.DefaultFileLockManager] Waiting to acquire shared lock on daemon addresses registry.
2025-10-13T00:04:56.056+0200 [DEBUG] [org.gradle.cache.internal.DefaultFileLockManager] Lock acquired on daemon addresses registry.
2025-10-13T00:04:56.056+0200 [DEBUG] [org.gradle.cache.internal.DefaultFileLockManager] Releasing lock on daemon addresses registry.
2025-10-13T00:04:58.718+0200 [DEBUG] [org.gradle.process.internal.health.memory.DefaultMemoryManager] 848118169 physical memory requested, 728887296 free
2025-10-13T00:04:58.719+0200 [DEBUG] [org.gradle.workers.internal.WorkerDaemonExpiration] Will attempt to release 808 of memory
2025-10-13T00:04:58.719+0200 [DEBUG] [org.gradle.process.internal.health.memory.DefaultMemoryManager] 848118169 physical memory requested, 0 released, 728887296 free
2025-10-13T00:05:01.658+0200 [DEBUG] [sun.rmi.transport.tcp] RMI TCP Connection(7)-127.0.0.1: (port 52349) connection closed
2025-10-13T00:05:01.658+0200 [DEBUG] [sun.rmi.transport.tcp] RMI TCP Connection(7)-127.0.0.1: close connection, socket: Socket[addr=/127.0.0.1,port=52704,localport=52349]
2025-10-13T00:05:01.658+0200 [DEBUG] [sun.rmi.transport.tcp] RMI TCP Connection(7)-127.0.0.1: socket close: Socket[addr=/127.0.0.1,port=52704,localport=52349]
2025-10-13T00:05:02.888+0200 [DEBUG] [sun.rmi.transport.tcp] RMI Scheduler(0): close connection, socket: Socket[addr=localhost/127.0.0.1,port=17661,localport=52682]
2025-10-13T00:05:02.889+0200 [DEBUG] [sun.rmi.transport.tcp] RMI Scheduler(0): close connection, socket: Socket[addr=localhost/127.0.0.1,port=17661,localport=52683]
2025-10-13T00:05:02.920+0200 [DEBUG] [sun.rmi.transport.tcp] RMI TCP Connection(5)-127.0.0.1: (port 52349) connection closed
2025-10-13T00:05:02.920+0200 [DEBUG] [sun.rmi.transport.tcp] RMI TCP Connection(5)-127.0.0.1: close connection, socket: Socket[addr=/127.0.0.1,port=52684,localport=52349]
2025-10-13T00:05:02.920+0200 [DEBUG] [sun.rmi.transport.tcp] RMI TCP Connection(5)-127.0.0.1: socket close: Socket[addr=/127.0.0.1,port=52684,localport=52349]
2025-10-13T00:05:03.716+0200 [DEBUG] [org.gradle.process.internal.health.memory.DefaultMemoryManager] 848118169 physical memory requested, 707657728 free
2025-10-13T00:05:03.716+0200 [DEBUG] [org.gradle.workers.internal.WorkerDaemonExpiration] Will attempt to release 808 of memory
2025-10-13T00:05:03.717+0200 [DEBUG] [org.gradle.process.internal.health.memory.DefaultMemoryManager] 848118169 physical memory requested, 0 released, 707657728 free
2025-10-13T00:05:06.055+0200 [DEBUG] [org.gradle.cache.internal.DefaultFileLockManager] Waiting to acquire shared lock on daemon addresses registry.
2025-10-13T00:05:06.055+0200 [DEBUG] [org.gradle.cache.internal.DefaultFileLockManager] Lock acquired on daemon addresses registry.
2025-10-13T00:05:06.055+0200 [DEBUG] [org.gradle.cache.internal.DefaultFileLockManager] Releasing lock on daemon addresses registry.
2025-10-13T00:05:06.056+0200 [DEBUG] [org.gradle.cache.internal.DefaultFileLockManager] Waiting to acquire shared lock on daemon addresses registry.
2025-10-13T00:05:06.056+0200 [DEBUG] [org.gradle.cache.internal.DefaultFileLockManager] Lock acquired on daemon addresses registry.
2025-10-13T00:05:06.057+0200 [DEBUG] [org.gradle.cache.internal.DefaultFileLockManager] Releasing lock on daemon addresses registry.
2025-10-13T00:05:06.058+0200 [DEBUG] [org.gradle.cache.internal.DefaultFileLockManager] Waiting to acquire shared lock on daemon addresses registry.
2025-10-13T00:05:06.058+0200 [DEBUG] [org.gradle.cache.internal.DefaultFileLockManager] Lock acquired on daemon addresses registry.
2025-10-13T00:05:06.058+0200 [DEBUG] [org.gradle.cache.internal.DefaultFileLockManager] Releasing lock on daemon addresses registry.
2025-10-13T00:05:08.726+0200 [DEBUG] [org.gradle.process.internal.health.memory.DefaultMemoryManager] 848118169 physical memory requested, 675024896 free
2025-10-13T00:05:08.726+0200 [DEBUG] [org.gradle.workers.internal.WorkerDaemonExpiration] Will attempt to release 808 of memory
2025-10-13T00:05:08.726+0200 [DEBUG] [org.gradle.process.internal.health.memory.DefaultMemoryManager] 848118169 physical memory requested, 0 released, 675024896 free
2025-10-13T00:05:13.717+0200 [DEBUG] [org.gradle.process.internal.health.memory.DefaultMemoryManager] 848118169 physical memory requested, 687235072 free
2025-10-13T00:05:13.717+0200 [DEBUG] [org.gradle.workers.internal.WorkerDaemonExpiration] Will attempt to release 808 of memory
2025-10-13T00:05:13.718+0200 [DEBUG] [org.gradle.process.internal.health.memory.DefaultMemoryManager] 848118169 physical memory requested, 0 released, 687235072 free
2025-10-13T00:05:16.056+0200 [DEBUG] [org.gradle.cache.internal.DefaultFileLockManager] Waiting to acquire shared lock on daemon addresses registry.
2025-10-13T00:05:16.056+0200 [DEBUG] [org.gradle.cache.internal.DefaultFileLockManager] Lock acquired on daemon addresses registry.
2025-10-13T00:05:16.056+0200 [DEBUG] [org.gradle.cache.internal.DefaultFileLockManager] Releasing lock on daemon addresses registry.
2025-10-13T00:05:16.057+0200 [DEBUG] [org.gradle.cache.internal.DefaultFileLockManager] Waiting to acquire shared lock on daemon addresses registry.
2025-10-13T00:05:16.057+0200 [DEBUG] [org.gradle.cache.internal.DefaultFileLockManager] Lock acquired on daemon addresses registry.
2025-10-13T00:05:16.057+0200 [DEBUG] [org.gradle.cache.internal.DefaultFileLockManager] Releasing lock on daemon addresses registry.
2025-10-13T00:05:16.058+0200 [DEBUG] [org.gradle.cache.internal.DefaultFileLockManager] Waiting to acquire shared lock on daemon addresses registry.
2025-10-13T00:05:16.058+0200 [DEBUG] [org.gradle.cache.internal.DefaultFileLockManager] Lock acquired on daemon addresses registry.
2025-10-13T00:05:16.058+0200 [DEBUG] [org.gradle.cache.internal.DefaultFileLockManager] Releasing lock on daemon addresses registry.
2025-10-13T00:05:18.716+0200 [DEBUG] [org.gradle.process.internal.health.memory.DefaultMemoryManager] 848118169 physical memory requested, 664047616 free
2025-10-13T00:05:18.716+0200 [DEBUG] [org.gradle.workers.internal.WorkerDaemonExpiration] Will attempt to release 808 of memory
2025-10-13T00:05:18.716+0200 [DEBUG] [org.gradle.process.internal.health.memory.DefaultMemoryManager] 848118169 physical memory requested, 0 released, 664047616 free
2025-10-13T00:05:23.720+0200 [DEBUG] [org.gradle.process.internal.health.memory.DefaultMemoryManager] 848118169 physical memory requested, 671395840 free
2025-10-13T00:05:23.720+0200 [DEBUG] [org.gradle.workers.internal.WorkerDaemonExpiration] Will attempt to release 808 of memory
2025-10-13T00:05:23.720+0200 [DEBUG] [org.gradle.process.internal.health.memory.DefaultMemoryManager] 848118169 physical memory requested, 0 released, 671395840 free
2025-10-13T00:05:26.056+0200 [DEBUG] [org.gradle.cache.internal.DefaultFileLockManager] Waiting to acquire shared lock on daemon addresses registry.
2025-10-13T00:05:26.056+0200 [DEBUG] [org.gradle.cache.internal.DefaultFileLockManager] Lock acquired on daemon addresses registry.
2025-10-13T00:05:26.056+0200 [DEBUG] [org.gradle.cache.internal.DefaultFileLockManager] Releasing lock on daemon addresses registry.
2025-10-13T00:05:26.057+0200 [DEBUG] [org.gradle.cache.internal.DefaultFileLockManager] Waiting to acquire shared lock on daemon addresses registry.
2025-10-13T00:05:26.058+0200 [DEBUG] [org.gradle.cache.internal.DefaultFileLockManager] Lock acquired on daemon addresses registry.
2025-10-13T00:05:26.058+0200 [DEBUG] [org.gradle.cache.internal.DefaultFileLockManager] Releasing lock on daemon addresses registry.
2025-10-13T00:05:26.058+0200 [DEBUG] [org.gradle.cache.internal.DefaultFileLockManager] Waiting to acquire shared lock on daemon addresses registry.
2025-10-13T00:05:26.059+0200 [DEBUG] [org.gradle.cache.internal.DefaultFileLockManager] Lock acquired on daemon addresses registry.
2025-10-13T00:05:26.059+0200 [DEBUG] [org.gradle.cache.internal.DefaultFileLockManager] Releasing lock on daemon addresses registry.
2025-10-13T00:05:28.722+0200 [DEBUG] [org.gradle.process.internal.health.memory.DefaultMemoryManager] 848118169 physical memory requested, 793534464 free
2025-10-13T00:05:28.723+0200 [DEBUG] [org.gradle.workers.internal.WorkerDaemonExpiration] Will attempt to release 808 of memory
2025-10-13T00:05:28.723+0200 [DEBUG] [org.gradle.process.internal.health.memory.DefaultMemoryManager] 848118169 physical memory requested, 0 released, 793534464 free
2025-10-13T00:05:33.717+0200 [DEBUG] [org.gradle.process.internal.health.memory.DefaultMemoryManager] 848118169 physical memory requested, 785293312 free
2025-10-13T00:05:33.717+0200 [DEBUG] [org.gradle.workers.internal.WorkerDaemonExpiration] Will attempt to release 808 of memory
2025-10-13T00:05:33.717+0200 [DEBUG] [org.gradle.process.internal.health.memory.DefaultMemoryManager] 848118169 physical memory requested, 0 released, 785293312 free
2025-10-13T00:05:36.056+0200 [DEBUG] [org.gradle.cache.internal.DefaultFileLockManager] Waiting to acquire shared lock on daemon addresses registry.
2025-10-13T00:05:36.056+0200 [DEBUG] [org.gradle.cache.internal.DefaultFileLockManager] Lock acquired on daemon addresses registry.
2025-10-13T00:05:36.056+0200 [DEBUG] [org.gradle.cache.internal.DefaultFileLockManager] Releasing lock on daemon addresses registry.
2025-10-13T00:05:36.057+0200 [DEBUG] [org.gradle.cache.internal.DefaultFileLockManager] Waiting to acquire shared lock on daemon addresses registry.
2025-10-13T00:05:36.057+0200 [DEBUG] [org.gradle.cache.internal.DefaultFileLockManager] Lock acquired on daemon addresses registry.
2025-10-13T00:05:36.058+0200 [DEBUG] [org.gradle.cache.internal.DefaultFileLockManager] Releasing lock on daemon addresses registry.
2025-10-13T00:05:36.059+0200 [DEBUG] [org.gradle.cache.internal.DefaultFileLockManager] Waiting to acquire shared lock on daemon addresses registry.
2025-10-13T00:05:36.059+0200 [DEBUG] [org.gradle.cache.internal.DefaultFileLockManager] Lock acquired on daemon addresses registry.
2025-10-13T00:05:36.059+0200 [DEBUG] [org.gradle.cache.internal.DefaultFileLockManager] Releasing lock on daemon addresses registry.
2025-10-13T00:05:38.715+0200 [DEBUG] [org.gradle.process.internal.health.memory.DefaultMemoryManager] 848118169 physical memory requested, 799080448 free
2025-10-13T00:05:38.715+0200 [DEBUG] [org.gradle.workers.internal.WorkerDaemonExpiration] Will attempt to release 808 of memory
2025-10-13T00:05:38.715+0200 [DEBUG] [org.gradle.process.internal.health.memory.DefaultMemoryManager] 848118169 physical memory requested, 0 released, 799080448 free
2025-10-13T00:05:43.716+0200 [DEBUG] [org.gradle.process.internal.health.memory.DefaultMemoryManager] 848118169 physical memory requested, 807899136 free
2025-10-13T00:05:43.716+0200 [DEBUG] [org.gradle.workers.internal.WorkerDaemonExpiration] Will attempt to release 808 of memory
2025-10-13T00:05:43.716+0200 [DEBUG] [org.gradle.process.internal.health.memory.DefaultMemoryManager] 848118169 physical memory requested, 0 released, 807899136 free
2025-10-13T00:05:46.057+0200 [DEBUG] [org.gradle.cache.internal.DefaultFileLockManager] Waiting to acquire shared lock on daemon addresses registry.
2025-10-13T00:05:46.058+0200 [DEBUG] [org.gradle.cache.internal.DefaultFileLockManager] Lock acquired on daemon addresses registry.
2025-10-13T00:05:46.058+0200 [DEBUG] [org.gradle.cache.internal.DefaultFileLockManager] Releasing lock on daemon addresses registry.
2025-10-13T00:05:46.060+0200 [DEBUG] [org.gradle.cache.internal.DefaultFileLockManager] Waiting to acquire shared lock on daemon addresses registry.
2025-10-13T00:05:46.061+0200 [DEBUG] [org.gradle.cache.internal.DefaultFileLockManager] Lock acquired on daemon addresses registry.
2025-10-13T00:05:46.061+0200 [DEBUG] [org.gradle.cache.internal.DefaultFileLockManager] Releasing lock on daemon addresses registry.
2025-10-13T00:05:46.062+0200 [DEBUG] [org.gradle.cache.internal.DefaultFileLockManager] Waiting to acquire shared lock on daemon addresses registry.
2025-10-13T00:05:46.063+0200 [DEBUG] [org.gradle.cache.internal.DefaultFileLockManager] Lock acquired on daemon addresses registry.
2025-10-13T00:05:46.063+0200 [DEBUG] [org.gradle.cache.internal.DefaultFileLockManager] Releasing lock on daemon addresses registry.
2025-10-13T00:05:48.719+0200 [DEBUG] [org.gradle.process.internal.health.memory.DefaultMemoryManager] 848118169 physical memory requested, 814870528 free
2025-10-13T00:05:48.719+0200 [DEBUG] [org.gradle.workers.internal.WorkerDaemonExpiration] Will attempt to release 808 of memory
2025-10-13T00:05:48.719+0200 [DEBUG] [org.gradle.process.internal.health.memory.DefaultMemoryManager] 848118169 physical memory requested, 0 released, 814870528 free
2025-10-13T00:05:53.718+0200 [DEBUG] [org.gradle.process.internal.health.memory.DefaultMemoryManager] 848118169 physical memory requested, 814145536 free
2025-10-13T00:05:53.718+0200 [DEBUG] [org.gradle.workers.internal.WorkerDaemonExpiration] Will attempt to release 808 of memory
2025-10-13T00:05:53.718+0200 [DEBUG] [org.gradle.process.internal.health.memory.DefaultMemoryManager] 848118169 physical memory requested, 0 released, 814145536 free
2025-10-13T00:05:56.055+0200 [DEBUG] [org.gradle.cache.internal.DefaultFileLockManager] Waiting to acquire shared lock on daemon addresses registry.
2025-10-13T00:05:56.055+0200 [DEBUG] [org.gradle.cache.internal.DefaultFileLockManager] Lock acquired on daemon addresses registry.
2025-10-13T00:05:56.055+0200 [DEBUG] [org.gradle.cache.internal.DefaultFileLockManager] Releasing lock on daemon addresses registry.
2025-10-13T00:05:56.056+0200 [DEBUG] [org.gradle.cache.internal.DefaultFileLockManager] Waiting to acquire shared lock on daemon addresses registry.
2025-10-13T00:05:56.056+0200 [DEBUG] [org.gradle.cache.internal.DefaultFileLockManager] Lock acquired on daemon addresses registry.
2025-10-13T00:05:56.056+0200 [DEBUG] [org.gradle.cache.internal.DefaultFileLockManager] Releasing lock on daemon addresses registry.
2025-10-13T00:05:56.057+0200 [DEBUG] [org.gradle.cache.internal.DefaultFileLockManager] Waiting to acquire shared lock on daemon addresses registry.
2025-10-13T00:05:56.057+0200 [DEBUG] [org.gradle.cache.internal.DefaultFileLockManager] Lock acquired on daemon addresses registry.
2025-10-13T00:05:56.057+0200 [DEBUG] [org.gradle.cache.internal.DefaultFileLockManager] Releasing lock on daemon addresses registry.
2025-10-13T00:05:58.716+0200 [DEBUG] [org.gradle.process.internal.health.memory.DefaultMemoryManager] 848118169 physical memory requested, 808423424 free
2025-10-13T00:05:58.716+0200 [DEBUG] [org.gradle.workers.internal.WorkerDaemonExpiration] Will attempt to release 808 of memory
2025-10-13T00:05:58.716+0200 [DEBUG] [org.gradle.process.internal.health.memory.DefaultMemoryManager] 848118169 physical memory requested, 0 released, 808423424 free
2025-10-13T00:06:03.716+0200 [DEBUG] [org.gradle.process.internal.health.memory.DefaultMemoryManager] 848118169 physical memory requested, 788791296 free
2025-10-13T00:06:03.716+0200 [DEBUG] [org.gradle.workers.internal.WorkerDaemonExpiration] Will attempt to release 808 of memory
2025-10-13T00:06:03.716+0200 [DEBUG] [org.gradle.process.internal.health.memory.DefaultMemoryManager] 848118169 physical memory requested, 0 released, 788791296 free
2025-10-13T00:06:06.055+0200 [DEBUG] [org.gradle.cache.internal.DefaultFileLockManager] Waiting to acquire shared lock on daemon addresses registry.
2025-10-13T00:06:06.055+0200 [DEBUG] [org.gradle.cache.internal.DefaultFileLockManager] Lock acquired on daemon addresses registry.
2025-10-13T00:06:06.056+0200 [DEBUG] [org.gradle.cache.internal.DefaultFileLockManager] Releasing lock on daemon addresses registry.
2025-10-13T00:06:06.058+0200 [DEBUG] [org.gradle.cache.internal.DefaultFileLockManager] Waiting to acquire shared lock on daemon addresses registry.
2025-10-13T00:06:06.058+0200 [DEBUG] [org.gradle.cache.internal.DefaultFileLockManager] Lock acquired on daemon addresses registry.
2025-10-13T00:06:06.059+0200 [DEBUG] [org.gradle.cache.internal.DefaultFileLockManager] Releasing lock on daemon addresses registry.
2025-10-13T00:06:06.060+0200 [DEBUG] [org.gradle.cache.internal.DefaultFileLockManager] Waiting to acquire shared lock on daemon addresses registry.
2025-10-13T00:06:06.060+0200 [DEBUG] [org.gradle.cache.internal.DefaultFileLockManager] Lock acquired on daemon addresses registry.
2025-10-13T00:06:06.061+0200 [DEBUG] [org.gradle.cache.internal.DefaultFileLockManager] Releasing lock on daemon addresses registry.
2025-10-13T00:06:08.717+0200 [DEBUG] [org.gradle.process.internal.health.memory.DefaultMemoryManager] 848118169 physical memory requested, 587259904 free
2025-10-13T00:06:08.717+0200 [DEBUG] [org.gradle.workers.internal.WorkerDaemonExpiration] Will attempt to release 808 of memory
2025-10-13T00:06:08.718+0200 [DEBUG] [org.gradle.process.internal.health.memory.DefaultMemoryManager] 848118169 physical memory requested, 0 released, 587259904 free
2025-10-13T00:06:13.716+0200 [DEBUG] [org.gradle.process.internal.health.memory.DefaultMemoryManager] 848118169 physical memory requested, 602513408 free
2025-10-13T00:06:13.716+0200 [DEBUG] [org.gradle.workers.internal.WorkerDaemonExpiration] Will attempt to release 808 of memory
2025-10-13T00:06:13.716+0200 [DEBUG] [org.gradle.process.internal.health.memory.DefaultMemoryManager] 848118169 physical memory requested, 0 released, 602513408 free
2025-10-13T00:06:16.056+0200 [DEBUG] [org.gradle.cache.internal.DefaultFileLockManager] Waiting to acquire shared lock on daemon addresses registry.
2025-10-13T00:06:16.057+0200 [DEBUG] [org.gradle.cache.internal.DefaultFileLockManager] Lock acquired on daemon addresses registry.
2025-10-13T00:06:16.057+0200 [DEBUG] [org.gradle.cache.internal.DefaultFileLockManager] Releasing lock on daemon addresses registry.
2025-10-13T00:06:16.058+0200 [DEBUG] [org.gradle.cache.internal.DefaultFileLockManager] Waiting to acquire shared lock on daemon addresses registry.
2025-10-13T00:06:16.058+0200 [DEBUG] [org.gradle.cache.internal.DefaultFileLockManager] Lock acquired on daemon addresses registry.
2025-10-13T00:06:16.058+0200 [DEBUG] [org.gradle.cache.internal.DefaultFileLockManager] Releasing lock on daemon addresses registry.
2025-10-13T00:06:16.059+0200 [DEBUG] [org.gradle.cache.internal.DefaultFileLockManager] Waiting to acquire shared lock on daemon addresses registry.
2025-10-13T00:06:16.059+0200 [DEBUG] [org.gradle.cache.internal.DefaultFileLockManager] Lock acquired on daemon addresses registry.
2025-10-13T00:06:16.059+0200 [DEBUG] [org.gradle.cache.internal.DefaultFileLockManager] Releasing lock on daemon addresses registry.
2025-10-13T00:06:18.718+0200 [DEBUG] [org.gradle.process.internal.health.memory.DefaultMemoryManager] 848118169 physical memory requested, 584679424 free
2025-10-13T00:06:18.718+0200 [DEBUG] [org.gradle.workers.internal.WorkerDaemonExpiration] Will attempt to release 808 of memory
2025-10-13T00:06:18.718+0200 [DEBUG] [org.gradle.process.internal.health.memory.DefaultMemoryManager] 848118169 physical memory requested, 0 released, 584679424 free
2025-10-13T00:06:23.715+0200 [DEBUG] [org.gradle.process.internal.health.memory.DefaultMemoryManager] 848118169 physical memory requested, 584921088 free
2025-10-13T00:06:23.715+0200 [DEBUG] [org.gradle.workers.internal.WorkerDaemonExpiration] Will attempt to release 808 of memory
2025-10-13T00:06:23.715+0200 [DEBUG] [org.gradle.process.internal.health.memory.DefaultMemoryManager] 848118169 physical memory requested, 0 released, 584921088 free
2025-10-13T00:06:26.058+0200 [DEBUG] [org.gradle.cache.internal.DefaultFileLockManager] Waiting to acquire shared lock on daemon addresses registry.
2025-10-13T00:06:26.058+0200 [DEBUG] [org.gradle.cache.internal.DefaultFileLockManager] Lock acquired on daemon addresses registry.
2025-10-13T00:06:26.059+0200 [DEBUG] [org.gradle.cache.internal.DefaultFileLockManager] Releasing lock on daemon addresses registry.
2025-10-13T00:06:26.063+0200 [DEBUG] [org.gradle.cache.internal.DefaultFileLockManager] Waiting to acquire shared lock on daemon addresses registry.
2025-10-13T00:06:26.063+0200 [DEBUG] [org.gradle.cache.internal.DefaultFileLockManager] Lock acquired on daemon addresses registry.
2025-10-13T00:06:26.064+0200 [DEBUG] [org.gradle.cache.internal.DefaultFileLockManager] Releasing lock on daemon addresses registry.
2025-10-13T00:06:26.066+0200 [DEBUG] [org.gradle.cache.internal.DefaultFileLockManager] Waiting to acquire shared lock on daemon addresses registry.
2025-10-13T00:06:26.066+0200 [DEBUG] [org.gradle.cache.internal.DefaultFileLockManager] Lock acquired on daemon addresses registry.
2025-10-13T00:06:26.066+0200 [DEBUG] [org.gradle.cache.internal.DefaultFileLockManager] Releasing lock on daemon addresses registry.
2025-10-13T00:06:28.717+0200 [DEBUG] [org.gradle.process.internal.health.memory.DefaultMemoryManager] 848118169 physical memory requested, 591859712 free
2025-10-13T00:06:28.717+0200 [DEBUG] [org.gradle.workers.internal.WorkerDaemonExpiration] Will attempt to release 808 of memory
2025-10-13T00:06:28.717+0200 [DEBUG] [org.gradle.process.internal.health.memory.DefaultMemoryManager] 848118169 physical memory requested, 0 released, 591859712 free
2025-10-13T00:06:33.715+0200 [DEBUG] [org.gradle.process.internal.health.memory.DefaultMemoryManager] 848118169 physical memory requested, 577949696 free
2025-10-13T00:06:33.715+0200 [DEBUG] [org.gradle.workers.internal.WorkerDaemonExpiration] Will attempt to release 808 of memory
2025-10-13T00:06:33.715+0200 [DEBUG] [org.gradle.process.internal.health.memory.DefaultMemoryManager] 848118169 physical memory requested, 0 released, 577949696 free
2025-10-13T00:06:34.132+0200 [DEBUG] [org.gradle.internal.watch.vfs.impl.WatchingVirtualFileSystem] Handling VFS change CREATED C:\Users\dream\Documents\git_school\KendyMonsters\src\main\kotlin\Test.kt~
2025-10-13T00:06:34.133+0200 [DEBUG] [org.gradle.internal.watch.vfs.impl.WatchingVirtualFileSystem] Handling VFS change MODIFIED C:\Users\dream\Documents\git_school\KendyMonsters\src\main\kotlin\Test.kt
2025-10-13T00:06:34.168+0200 [DEBUG] [org.gradle.internal.remote.internal.inet.TcpIncomingConnector] Accepted connection from /127.0.0.1:52757 to /127.0.0.1:52332.
2025-10-13T00:06:34.172+0200 [DEBUG] [org.gradle.launcher.daemon.server.SynchronizedDispatchConnection] thread 416: received class org.gradle.launcher.daemon.protocol.InvalidateVirtualFileSystemAfterChange
2025-10-13T00:06:34.172+0200 [DEBUG] [org.gradle.launcher.daemon.server.DefaultDaemonConnection] thread 416: Received non-IO message from client: InvalidateVirtualFileSystemAfterChange[id=7c7b66b5-8344-42db-b76c-c8ccdccd35c0]
2025-10-13T00:06:34.173+0200 [INFO] [org.gradle.launcher.daemon.server.DefaultIncomingConnectionHandler] Received command: InvalidateVirtualFileSystemAfterChange[id=7c7b66b5-8344-42db-b76c-c8ccdccd35c0].
2025-10-13T00:06:34.173+0200 [DEBUG] [org.gradle.launcher.daemon.server.DefaultIncomingConnectionHandler] Starting executing command: InvalidateVirtualFileSystemAfterChange[id=7c7b66b5-8344-42db-b76c-c8ccdccd35c0] with connection: socket connection from /127.0.0.1:52332 to /127.0.0.1:52757.
2025-10-13T00:06:34.173+0200 [INFO] [org.gradle.launcher.daemon.server.api.HandleInvalidateVirtualFileSystem] Invalidating [C:\Users\dream\Documents\git_school\KendyMonsters\src\main\kotlin\Test.kt]
2025-10-13T00:06:34.173+0200 [DEBUG] [org.gradle.internal.vfs.impl.AbstractVirtualFileSystem] Invalidating VFS paths: [C:\Users\dream\Documents\git_school\KendyMonsters\src\main\kotlin\Test.kt]
2025-10-13T00:06:34.173+0200 [DEBUG] [org.gradle.launcher.daemon.server.SynchronizedDispatchConnection] thread 415: dispatching Success[value=null]
2025-10-13T00:06:34.173+0200 [DEBUG] [org.gradle.launcher.daemon.server.DefaultIncomingConnectionHandler] Finishing executing command: InvalidateVirtualFileSystemAfterChange[id=7c7b66b5-8344-42db-b76c-c8ccdccd35c0]
2025-10-13T00:06:34.174+0200 [DEBUG] [org.gradle.launcher.daemon.server.SynchronizedDispatchConnection] thread 416: received class org.gradle.launcher.daemon.protocol.Finished
2025-10-13T00:06:34.174+0200 [DEBUG] [org.gradle.internal.remote.internal.inet.TcpIncomingConnector] Accepted connection from /127.0.0.1:52758 to /127.0.0.1:52332.
2025-10-13T00:06:34.174+0200 [DEBUG] [org.gradle.launcher.daemon.server.DefaultDaemonConnection] thread 416: Received non-IO message from client: org.gradle.launcher.daemon.protocol.Finished@3685aa1
2025-10-13T00:06:34.174+0200 [DEBUG] [org.gradle.launcher.daemon.server.DefaultIncomingConnectionHandler] Received finished message: org.gradle.launcher.daemon.protocol.Finished@3685aa1
2025-10-13T00:06:34.174+0200 [DEBUG] [org.gradle.launcher.daemon.server.SynchronizedDispatchConnection] thread 415: stopping connection
2025-10-13T00:06:34.174+0200 [DEBUG] [org.gradle.internal.remote.internal.inet.SocketConnection] Discarding EOFException: java.io.EOFException
2025-10-13T00:06:34.174+0200 [DEBUG] [org.gradle.launcher.daemon.server.SynchronizedDispatchConnection] thread 416: received null
2025-10-13T00:06:34.174+0200 [DEBUG] [org.gradle.launcher.daemon.server.DefaultDaemonConnection] thread 416: Received end-of-input from client.
2025-10-13T00:06:34.175+0200 [DEBUG] [org.gradle.launcher.daemon.server.SynchronizedDispatchConnection] thread 415: stopping connection
2025-10-13T00:06:34.178+0200 [DEBUG] [org.gradle.launcher.daemon.server.SynchronizedDispatchConnection] thread 417: received class org.gradle.launcher.daemon.protocol.Build
2025-10-13T00:06:34.178+0200 [DEBUG] [org.gradle.launcher.daemon.server.DefaultDaemonConnection] thread 417: Received non-IO message from client: Build{id=a00385e4-5789-46b4-8139-d16e8045b698, currentDir=C:\Users\dream\Documents\git_school\KendyMonsters}
2025-10-13T00:06:34.178+0200 [INFO] [org.gradle.launcher.daemon.server.DefaultIncomingConnectionHandler] Received command: Build{id=a00385e4-5789-46b4-8139-d16e8045b698, currentDir=C:\Users\dream\Documents\git_school\KendyMonsters}.
2025-10-13T00:06:34.178+0200 [DEBUG] [org.gradle.launcher.daemon.server.DefaultIncomingConnectionHandler] Starting executing command: Build{id=a00385e4-5789-46b4-8139-d16e8045b698, currentDir=C:\Users\dream\Documents\git_school\KendyMonsters} with connection: socket connection from /127.0.0.1:52332 to /127.0.0.1:52758.
2025-10-13T00:06:34.178+0200 [DEBUG] [org.gradle.launcher.daemon.server.DaemonStateCoordinator] Command execution: started DaemonCommandExecution[command = Build{id=a00385e4-5789-46b4-8139-d16e8045b698, currentDir=C:\Users\dream\Documents\git_school\KendyMonsters}, connection = DefaultDaemonConnection: socket connection from /127.0.0.1:52332 to /127.0.0.1:52758] after 2.0108 minutes of idle
2025-10-13T00:06:34.179+0200 [INFO] [org.gradle.launcher.daemon.server.DaemonRegistryUpdater] Marking the daemon as busy, address: [a4e0bc31-3547-40e9-a955-b13245288222 port:52332, addresses:[localhost/127.0.0.1]]
2025-10-13T00:06:34.179+0200 [DEBUG] [org.gradle.launcher.daemon.registry.PersistentDaemonRegistry] Marking busy by address: [a4e0bc31-3547-40e9-a955-b13245288222 port:52332, addresses:[localhost/127.0.0.1]]
2025-10-13T00:06:34.180+0200 [DEBUG] [org.gradle.cache.internal.DefaultFileLockManager] Waiting to acquire exclusive lock on daemon addresses registry.
2025-10-13T00:06:34.180+0200 [DEBUG] [org.gradle.cache.internal.DefaultFileLockManager] Lock acquired on daemon addresses registry.
2025-10-13T00:06:34.181+0200 [DEBUG] [org.gradle.cache.internal.DefaultFileLockManager] Releasing lock on daemon addresses registry.
2025-10-13T00:06:34.181+0200 [DEBUG] [org.gradle.launcher.daemon.server.DaemonStateCoordinator] resetting idle timer
2025-10-13T00:06:34.181+0200 [DEBUG] [org.gradle.launcher.daemon.server.DaemonStateCoordinator] daemon is running. Sleeping until state changes.
2025-10-13T00:06:34.181+0200 [INFO] [org.gradle.launcher.daemon.server.exec.StartBuildOrRespondWithBusy] Daemon is about to start building Build{id=a00385e4-5789-46b4-8139-d16e8045b698, currentDir=C:\Users\dream\Documents\git_school\KendyMonsters}. Dispatching build started information...
2025-10-13T00:06:34.181+0200 [DEBUG] [org.gradle.launcher.daemon.server.SynchronizedDispatchConnection] thread 419: dispatching org.gradle.launcher.daemon.protocol.BuildStarted@2c5c1135
2025-10-13T00:06:34.182+0200 [DEBUG] [org.gradle.launcher.daemon.server.exec.EstablishBuildEnvironment] Configuring env variables: [USERDOMAIN_ROAMINGPROFILE, LOCALAPPDATA, PROCESSOR_LEVEL, USERDOMAIN, LOGONSERVER, SESSIONNAME, ALLUSERSPROFILE, PROCESSOR_ARCHITECTURE, PSModulePath, SystemDrive, OneDrive, APPDATA, USERNAME, ProgramFiles(x86), VBOX_MSI_INSTALL_PATH, CommonProgramFiles, Path, PATHEXT, DriverData, OS, OneDriveConsumer, COMPUTERNAME, PROCESSOR_REVISION, CommonProgramW6432, PyCharm Community Edition, ComSpec, ProgramData, ProgramW6432, TEMP, HOMEPATH, SystemRoot, PROCESSOR_IDENTIFIER, HOMEDRIVE, USERPROFILE, TMP, CommonProgramFiles(x86), ProgramFiles, PUBLIC, windir, NUMBER_OF_PROCESSORS, =::]
2025-10-13T00:06:34.183+0200 [DEBUG] [org.gradle.launcher.daemon.server.exec.LogToClient] About to start relaying all logs to the client via the connection.
2025-10-13T00:06:34.183+0200 [INFO] [org.gradle.launcher.daemon.server.exec.LogToClient] The client will now receive all logging from the daemon (pid: 12392). The daemon log file: C:\Users\dream\Documents\git_school\KendyMonsters\gradle\daemon\8.14\daemon-12392.out.log
2025-10-13T00:06:34.183+0200 [INFO] [org.gradle.launcher.daemon.server.exec.LogAndCheckHealth] Starting 5th build in daemon [uptime: 9 mins 48.555 secs, performance: 99%, GC rate: 0.00/s, heap usage: 0% of 512 MiB, non-heap usage: 22% of 384 MiB]
2025-10-13T00:06:34.183+0200 [DEBUG] [org.gradle.launcher.daemon.server.exec.ExecuteBuild] The daemon has started executing the build.
2025-10-13T00:06:34.183+0200 [DEBUG] [org.gradle.launcher.daemon.server.exec.ExecuteBuild] Executing build with daemon context: DefaultDaemonContext[uid=7b2cb46a-e54e-40e9-a59e-5e09860301c9,javaHome=C:\Users\dream\.jdks\ms-21.0.8,javaVersion=21,javaVendor=Microsoft,daemonRegistryDir=C:\Users\dream\Documents\git_school\KendyMonsters\gradle\daemon,pid=12392,idleTimeout=10800000,priority=NORMAL,applyInstrumentationAgent=true,nativeServicesMode=ENABLED,daemonOpts=-XX:MaxMetaspaceSize=384m,-XX:+HeapDumpOnOutOfMemoryError,-Xms256m,-Xmx512m,-Dfile.encoding=UTF-8,-Duser.country=FR,-Duser.language=fr,-Duser.variant]

BUILD SUCCESSFUL in 1s
2 actionable tasks: 1 executed, 1 up-to-date
2025-10-13T00:06:35.347+0200 [DEBUG] [org.gradle.launcher.daemon.server.exec.ExecuteBuild] The daemon has finished executing the build.
2025-10-13T00:06:35.351+0200 [DEBUG] [org.gradle.launcher.daemon.server.DaemonStateCoordinator] daemon is running. Sleeping until state changes.
2025-10-13T00:06:35.351+0200 [DEBUG] [org.gradle.launcher.daemon.server.DaemonStateCoordinator] Command execution: finished waiting for DaemonCommandExecution[command = Build{id=a00385e4-5789-46b4-8139-d16e8045b698, currentDir=C:\Users\dream\Documents\git_school\KendyMonsters}, connection = DefaultDaemonConnection: socket connection from /127.0.0.1:52332 to /127.0.0.1:52758]. Result org.gradle.launcher.daemon.server.DaemonStateCoordinator@357dcee7 with state Busy
2025-10-13T00:06:35.351+0200 [DEBUG] [org.gradle.launcher.daemon.server.DaemonStateCoordinator] Command execution: completed DaemonCommandExecution[command = Build{id=a00385e4-5789-46b4-8139-d16e8045b698, currentDir=C:\Users\dream\Documents\git_school\KendyMonsters}, connection = DefaultDaemonConnection: socket connection from /127.0.0.1:52332 to /127.0.0.1:52758]
2025-10-13T00:06:35.351+0200 [DEBUG] [org.gradle.launcher.daemon.server.DaemonStateCoordinator] resetting idle timer
2025-10-13T00:06:35.351+0200 [INFO] [org.gradle.launcher.daemon.server.DaemonRegistryUpdater] Marking the daemon as idle, address: [a4e0bc31-3547-40e9-a955-b13245288222 port:52332, addresses:[localhost/127.0.0.1]]
2025-10-13T00:06:35.352+0200 [DEBUG] [org.gradle.launcher.daemon.registry.PersistentDaemonRegistry] Marking busy by address: [a4e0bc31-3547-40e9-a955-b13245288222 port:52332, addresses:[localhost/127.0.0.1]]
2025-10-13T00:06:35.353+0200 [DEBUG] [org.gradle.cache.internal.DefaultFileLockManager] Waiting to acquire exclusive lock on daemon addresses registry.
2025-10-13T00:06:35.353+0200 [DEBUG] [org.gradle.cache.internal.DefaultFileLockManager] Lock acquired on daemon addresses registry.
2025-10-13T00:06:35.354+0200 [DEBUG] [org.gradle.cache.internal.DefaultFileLockManager] Releasing lock on daemon addresses registry.
2025-10-13T00:06:35.354+0200 [DEBUG] [org.gradle.launcher.daemon.server.DaemonStateCoordinator] daemon is running. Sleeping until state changes.
2025-10-13T00:06:35.354+0200 [DEBUG] [org.gradle.launcher.daemon.server.exec.ReturnResult] Daemon is dispatching the build result: Success[value=org.gradle.launcher.exec.BuildActionResult@53dd39ac]
2025-10-13T00:06:35.354+0200 [DEBUG] [org.gradle.launcher.daemon.server.SynchronizedDispatchConnection] thread 415: dispatching Success[value=org.gradle.launcher.exec.BuildActionResult@53dd39ac]
2025-10-13T00:06:35.354+0200 [DEBUG] [org.gradle.launcher.daemon.server.DefaultIncomingConnectionHandler] Finishing executing command: Build{id=a00385e4-5789-46b4-8139-d16e8045b698, currentDir=C:\Users\dream\Documents\git_school\KendyMonsters}
2025-10-13T00:06:35.354+0200 [DEBUG] [org.gradle.launcher.daemon.server.SynchronizedDispatchConnection] thread 417: received class org.gradle.launcher.daemon.protocol.CloseInput
2025-10-13T00:06:35.355+0200 [DEBUG] [org.gradle.launcher.daemon.server.exec.CleanUpVirtualFileSystemAfterBuild] Cleaning virtual file system after build finished
2025-10-13T00:06:35.355+0200 [DEBUG] [org.gradle.launcher.daemon.server.DefaultDaemonConnection] thread 417: Received IO message from client: org.gradle.launcher.daemon.protocol.CloseInput@b79970f
2025-10-13T00:06:35.355+0200 [DEBUG] [org.gradle.launcher.daemon.server.SynchronizedDispatchConnection] thread 417: received class org.gradle.launcher.daemon.protocol.Finished
2025-10-13T00:06:35.355+0200 [DEBUG] [org.gradle.launcher.daemon.server.DefaultDaemonConnection] thread 417: Received non-IO message from client: org.gradle.launcher.daemon.protocol.Finished@5be6810
2025-10-13T00:06:35.355+0200 [DEBUG] [org.gradle.launcher.daemon.server.DefaultIncomingConnectionHandler] Received finished message: org.gradle.launcher.daemon.protocol.Finished@5be6810
2025-10-13T00:06:35.355+0200 [DEBUG] [org.gradle.internal.remote.internal.inet.SocketConnection] Discarding EOFException: java.io.EOFException
2025-10-13T00:06:35.355+0200 [DEBUG] [org.gradle.launcher.daemon.server.SynchronizedDispatchConnection] thread 417: received null
2025-10-13T00:06:35.355+0200 [DEBUG] [org.gradle.launcher.daemon.server.SynchronizedDispatchConnection] thread 415: stopping connection
2025-10-13T00:06:35.355+0200 [DEBUG] [org.gradle.launcher.daemon.server.DefaultDaemonConnection] thread 417: Received end-of-input from client.
2025-10-13T00:06:35.355+0200 [DEBUG] [org.gradle.launcher.daemon.server.SynchronizedDispatchConnection] thread 415: stopping connection
2025-10-13T00:06:36.059+0200 [DEBUG] [org.gradle.cache.internal.DefaultFileLockManager] Waiting to acquire shared lock on daemon addresses registry.
2025-10-13T00:06:36.060+0200 [DEBUG] [org.gradle.cache.internal.DefaultFileLockManager] Lock acquired on daemon addresses registry.
2025-10-13T00:06:36.065+0200 [DEBUG] [org.gradle.cache.internal.DefaultFileLockManager] Releasing lock on daemon addresses registry.
2025-10-13T00:06:36.068+0200 [DEBUG] [org.gradle.cache.internal.DefaultFileLockManager] Waiting to acquire shared lock on daemon addresses registry.
2025-10-13T00:06:36.068+0200 [DEBUG] [org.gradle.cache.internal.DefaultFileLockManager] Lock acquired on daemon addresses registry.
2025-10-13T00:06:36.069+0200 [DEBUG] [org.gradle.cache.internal.DefaultFileLockManager] Releasing lock on daemon addresses registry.
2025-10-13T00:06:38.717+0200 [DEBUG] [org.gradle.process.internal.health.memory.DefaultMemoryManager] 848118169 physical memory requested, 526532608 free
2025-10-13T00:06:38.717+0200 [DEBUG] [org.gradle.workers.internal.WorkerDaemonExpiration] Will attempt to release 808 of memory
2025-10-13T00:06:38.717+0200 [DEBUG] [org.gradle.process.internal.health.memory.DefaultMemoryManager] 848118169 physical memory requested, 0 released, 526532608 free
2025-10-13T00:06:43.718+0200 [DEBUG] [org.gradle.process.internal.health.memory.DefaultMemoryManager] 848118169 physical memory requested, 535588864 free
2025-10-13T00:06:43.718+0200 [DEBUG] [org.gradle.workers.internal.WorkerDaemonExpiration] Will attempt to release 808 of memory
2025-10-13T00:06:43.718+0200 [DEBUG] [org.gradle.process.internal.health.memory.DefaultMemoryManager] 848118169 physical memory requested, 0 released, 535588864 free
2025-10-13T00:06:46.057+0200 [DEBUG] [org.gradle.cache.internal.DefaultFileLockManager] Waiting to acquire shared lock on daemon addresses registry.
2025-10-13T00:06:46.057+0200 [DEBUG] [org.gradle.cache.internal.DefaultFileLockManager] Lock acquired on daemon addresses registry.
2025-10-13T00:06:46.058+0200 [DEBUG] [org.gradle.cache.internal.DefaultFileLockManager] Releasing lock on daemon addresses registry.
2025-10-13T00:06:46.063+0200 [DEBUG] [org.gradle.cache.internal.DefaultFileLockManager] Waiting to acquire shared lock on daemon addresses registry.
2025-10-13T00:06:46.063+0200 [DEBUG] [org.gradle.cache.internal.DefaultFileLockManager] Lock acquired on daemon addresses registry.
2025-10-13T00:06:46.064+0200 [DEBUG] [org.gradle.cache.internal.DefaultFileLockManager] Releasing lock on daemon addresses registry.
2025-10-13T00:06:46.066+0200 [DEBUG] [org.gradle.cache.internal.DefaultFileLockManager] Waiting to acquire shared lock on daemon addresses registry.
2025-10-13T00:06:46.066+0200 [DEBUG] [org.gradle.cache.internal.DefaultFileLockManager] Lock acquired on daemon addresses registry.
2025-10-13T00:06:46.066+0200 [DEBUG] [org.gradle.cache.internal.DefaultFileLockManager] Releasing lock on daemon addresses registry.
2025-10-13T00:06:48.717+0200 [DEBUG] [org.gradle.process.internal.health.memory.DefaultMemoryManager] 848118169 physical memory requested, 513503232 free
2025-10-13T00:06:48.717+0200 [DEBUG] [org.gradle.workers.internal.WorkerDaemonExpiration] Will attempt to release 808 of memory
2025-10-13T00:06:48.717+0200 [DEBUG] [org.gradle.process.internal.health.memory.DefaultMemoryManager] 848118169 physical memory requested, 0 released, 513503232 free
2025-10-13T00:06:53.716+0200 [DEBUG] [org.gradle.process.internal.health.memory.DefaultMemoryManager] 848118169 physical memory requested, 567844864 free
2025-10-13T00:06:53.716+0200 [DEBUG] [org.gradle.workers.internal.WorkerDaemonExpiration] Will attempt to release 808 of memory
2025-10-13T00:06:53.716+0200 [DEBUG] [org.gradle.process.internal.health.memory.DefaultMemoryManager] 848118169 physical memory requested, 0 released, 567844864 free
2025-10-13T00:06:56.056+0200 [DEBUG] [org.gradle.cache.internal.DefaultFileLockManager] Waiting to acquire shared lock on daemon addresses registry.
2025-10-13T00:06:56.056+0200 [DEBUG] [org.gradle.cache.internal.DefaultFileLockManager] Lock acquired on daemon addresses registry.
2025-10-13T00:06:56.056+0200 [DEBUG] [org.gradle.cache.internal.DefaultFileLockManager] Releasing lock on daemon addresses registry.
2025-10-13T00:06:56.057+0200 [DEBUG] [org.gradle.cache.internal.DefaultFileLockManager] Waiting to acquire shared lock on daemon addresses registry.
2025-10-13T00:06:56.057+0200 [DEBUG] [org.gradle.cache.internal.DefaultFileLockManager] Lock acquired on daemon addresses registry.
2025-10-13T00:06:56.057+0200 [DEBUG] [org.gradle.cache.internal.DefaultFileLockManager] Releasing lock on daemon addresses registry.
2025-10-13T00:06:56.059+0200 [DEBUG] [org.gradle.cache.internal.DefaultFileLockManager] Waiting to acquire shared lock on daemon addresses registry.
2025-10-13T00:06:56.059+0200 [DEBUG] [org.gradle.cache.internal.DefaultFileLockManager] Lock acquired on daemon addresses registry.
2025-10-13T00:06:56.059+0200 [DEBUG] [org.gradle.cache.internal.DefaultFileLockManager] Releasing lock on daemon addresses registry.
2025-10-13T00:06:57.222+0200 [DEBUG] [sun.rmi.transport.tcp] RMI TCP Connection(9)-127.0.0.1: accepted socket from [127.0.0.1:52783]
2025-10-13T00:06:57.224+0200 [DEBUG] [sun.rmi.transport.tcp] RMI TCP Connection(9)-127.0.0.1: (port 52349) op = 80
2025-10-13T00:06:57.225+0200 [DEBUG] [sun.rmi.loader] RMI TCP Connection(9)-127.0.0.1: name = "[Ljava.rmi.server.ObjID;", codebase = "", defaultLoader = jdk.internal.loader.ClassLoaders$PlatformClassLoader@31bcd845
2025-10-13T00:06:57.225+0200 [DEBUG] [sun.rmi.loader] RMI TCP Connection(9)-127.0.0.1: name = "java.rmi.dgc.Lease", codebase = "", defaultLoader = jdk.internal.loader.ClassLoaders$PlatformClassLoader@31bcd845
2025-10-13T00:06:57.226+0200 [DEBUG] [sun.rmi.loader] RMI TCP Connection(9)-127.0.0.1: name = "java.rmi.dgc.VMID", codebase = "", defaultLoader = jdk.internal.loader.ClassLoaders$PlatformClassLoader@31bcd845
2025-10-13T00:06:57.226+0200 [DEBUG] [sun.rmi.loader] RMI TCP Connection(9)-127.0.0.1: name = "[B", codebase = "", defaultLoader = jdk.internal.loader.ClassLoaders$PlatformClassLoader@31bcd845
2025-10-13T00:06:57.226+0200 [DEBUG] [sun.rmi.loader] RMI TCP Connection(9)-127.0.0.1: name = "java.rmi.server.UID", codebase = "", defaultLoader = jdk.internal.loader.ClassLoaders$PlatformClassLoader@31bcd845
2025-10-13T00:06:58.717+0200 [DEBUG] [org.gradle.process.internal.health.memory.DefaultMemoryManager] 848118169 physical memory requested, 564539392 free
2025-10-13T00:06:58.717+0200 [DEBUG] [org.gradle.workers.internal.WorkerDaemonExpiration] Will attempt to release 808 of memory
2025-10-13T00:06:58.717+0200 [DEBUG] [org.gradle.process.internal.health.memory.DefaultMemoryManager] 848118169 physical memory requested, 0 released, 564539392 free
2025-10-13T00:07:03.717+0200 [DEBUG] [org.gradle.process.internal.health.memory.DefaultMemoryManager] 848118169 physical memory requested, 437370880 free
2025-10-13T00:07:03.717+0200 [DEBUG] [org.gradle.workers.internal.WorkerDaemonExpiration] Will attempt to release 808 of memory
2025-10-13T00:07:03.717+0200 [DEBUG] [org.gradle.process.internal.health.memory.DefaultMemoryManager] 848118169 physical memory requested, 0 released, 437370880 free
2025-10-13T00:07:04.628+0200 [DEBUG] [sun.rmi.transport.tcp] RMI Scheduler(0): close connection, socket: Socket[addr=localhost/127.0.0.1,port=17661,localport=52759]
2025-10-13T00:07:04.628+0200 [DEBUG] [sun.rmi.transport.tcp] RMI Scheduler(0): close connection, socket: Socket[addr=localhost/127.0.0.1,port=17661,localport=52760]
2025-10-13T00:07:04.653+0200 [DEBUG] [sun.rmi.transport.tcp] RMI TCP Connection(8)-127.0.0.1: (port 52349) connection closed
2025-10-13T00:07:04.654+0200 [DEBUG] [sun.rmi.transport.tcp] RMI TCP Connection(8)-127.0.0.1: close connection, socket: Socket[addr=/127.0.0.1,port=52761,localport=52349]
2025-10-13T00:07:04.654+0200 [DEBUG] [sun.rmi.transport.tcp] RMI TCP Connection(8)-127.0.0.1: socket close: Socket[addr=/127.0.0.1,port=52761,localport=52349]
2025-10-13T00:07:06.055+0200 [DEBUG] [org.gradle.cache.internal.DefaultFileLockManager] Waiting to acquire shared lock on daemon addresses registry.
2025-10-13T00:07:06.055+0200 [DEBUG] [org.gradle.cache.internal.DefaultFileLockManager] Lock acquired on daemon addresses registry.
2025-10-13T00:07:06.055+0200 [DEBUG] [org.gradle.cache.internal.DefaultFileLockManager] Releasing lock on daemon addresses registry.
2025-10-13T00:07:06.056+0200 [DEBUG] [org.gradle.cache.internal.DefaultFileLockManager] Waiting to acquire shared lock on daemon addresses registry.
2025-10-13T00:07:06.056+0200 [DEBUG] [org.gradle.cache.internal.DefaultFileLockManager] Lock acquired on daemon addresses registry.
2025-10-13T00:07:06.056+0200 [DEBUG] [org.gradle.cache.internal.DefaultFileLockManager] Releasing lock on daemon addresses registry.
2025-10-13T00:07:06.057+0200 [DEBUG] [org.gradle.cache.internal.DefaultFileLockManager] Waiting to acquire shared lock on daemon addresses registry.
2025-10-13T00:07:06.057+0200 [DEBUG] [org.gradle.cache.internal.DefaultFileLockManager] Lock acquired on daemon addresses registry.
2025-10-13T00:07:06.057+0200 [DEBUG] [org.gradle.cache.internal.DefaultFileLockManager] Releasing lock on daemon addresses registry.
2025-10-13T00:07:08.719+0200 [DEBUG] [org.gradle.process.internal.health.memory.DefaultMemoryManager] 848118169 physical memory requested, 563040256 free
2025-10-13T00:07:08.719+0200 [DEBUG] [org.gradle.workers.internal.WorkerDaemonExpiration] Will attempt to release 808 of memory
2025-10-13T00:07:08.719+0200 [DEBUG] [org.gradle.process.internal.health.memory.DefaultMemoryManager] 848118169 physical memory requested, 0 released, 563040256 free
2025-10-13T00:07:12.233+0200 [DEBUG] [sun.rmi.transport.tcp] RMI TCP Connection(9)-127.0.0.1: (port 52349) connection closed
2025-10-13T00:07:12.233+0200 [DEBUG] [sun.rmi.transport.tcp] RMI TCP Connection(9)-127.0.0.1: close connection, socket: Socket[addr=/127.0.0.1,port=52783,localport=52349]
2025-10-13T00:07:12.233+0200 [DEBUG] [sun.rmi.transport.tcp] RMI TCP Connection(9)-127.0.0.1: socket close: Socket[addr=/127.0.0.1,port=52783,localport=52349]
2025-10-13T00:07:13.716+0200 [DEBUG] [org.gradle.process.internal.health.memory.DefaultMemoryManager] 848118169 physical memory requested, 601608192 free
2025-10-13T00:07:13.716+0200 [DEBUG] [org.gradle.workers.internal.WorkerDaemonExpiration] Will attempt to release 808 of memory
2025-10-13T00:07:13.716+0200 [DEBUG] [org.gradle.process.internal.health.memory.DefaultMemoryManager] 848118169 physical memory requested, 0 released, 601608192 free
2025-10-13T00:07:16.056+0200 [DEBUG] [org.gradle.cache.internal.DefaultFileLockManager] Waiting to acquire shared lock on daemon addresses registry.
2025-10-13T00:07:16.056+0200 [DEBUG] [org.gradle.cache.internal.DefaultFileLockManager] Lock acquired on daemon addresses registry.
2025-10-13T00:07:16.056+0200 [DEBUG] [org.gradle.cache.internal.DefaultFileLockManager] Releasing lock on daemon addresses registry.
2025-10-13T00:07:16.057+0200 [DEBUG] [org.gradle.cache.internal.DefaultFileLockManager] Waiting to acquire shared lock on daemon addresses registry.
2025-10-13T00:07:16.057+0200 [DEBUG] [org.gradle.cache.internal.DefaultFileLockManager] Lock acquired on daemon addresses registry.
2025-10-13T00:07:16.057+0200 [DEBUG] [org.gradle.cache.internal.DefaultFileLockManager] Releasing lock on daemon addresses registry.
2025-10-13T00:07:16.058+0200 [DEBUG] [org.gradle.cache.internal.DefaultFileLockManager] Waiting to acquire shared lock on daemon addresses registry.
2025-10-13T00:07:16.058+0200 [DEBUG] [org.gradle.cache.internal.DefaultFileLockManager] Lock acquired on daemon addresses registry.
2025-10-13T00:07:16.058+0200 [DEBUG] [org.gradle.cache.internal.DefaultFileLockManager] Releasing lock on daemon addresses registry.
2025-10-13T00:07:18.716+0200 [DEBUG] [org.gradle.process.internal.health.memory.DefaultMemoryManager] 848118169 physical memory requested, 515723264 free
2025-10-13T00:07:18.716+0200 [DEBUG] [org.gradle.workers.internal.WorkerDaemonExpiration] Will attempt to release 808 of memory
2025-10-13T00:07:18.716+0200 [DEBUG] [org.gradle.process.internal.health.memory.DefaultMemoryManager] 848118169 physical memory requested, 0 released, 515723264 free
2025-10-13T00:07:23.717+0200 [DEBUG] [org.gradle.process.internal.health.memory.DefaultMemoryManager] 848118169 physical memory requested, 506490880 free
2025-10-13T00:07:23.717+0200 [DEBUG] [org.gradle.workers.internal.WorkerDaemonExpiration] Will attempt to release 808 of memory
2025-10-13T00:07:23.717+0200 [DEBUG] [org.gradle.process.internal.health.memory.DefaultMemoryManager] 848118169 physical memory requested, 0 released, 506490880 free
2025-10-13T00:07:26.056+0200 [DEBUG] [org.gradle.cache.internal.DefaultFileLockManager] Waiting to acquire shared lock on daemon addresses registry.
2025-10-13T00:07:26.056+0200 [DEBUG] [org.gradle.cache.internal.DefaultFileLockManager] Lock acquired on daemon addresses registry.
2025-10-13T00:07:26.057+0200 [DEBUG] [org.gradle.cache.internal.DefaultFileLockManager] Releasing lock on daemon addresses registry.
2025-10-13T00:07:26.058+0200 [DEBUG] [org.gradle.cache.internal.DefaultFileLockManager] Waiting to acquire shared lock on daemon addresses registry.
2025-10-13T00:07:26.058+0200 [DEBUG] [org.gradle.cache.internal.DefaultFileLockManager] Lock acquired on daemon addresses registry.
2025-10-13T00:07:26.059+0200 [DEBUG] [org.gradle.cache.internal.DefaultFileLockManager] Releasing lock on daemon addresses registry.
2025-10-13T00:07:26.060+0200 [DEBUG] [org.gradle.cache.internal.DefaultFileLockManager] Waiting to acquire shared lock on daemon addresses registry.
2025-10-13T00:07:26.060+0200 [DEBUG] [org.gradle.cache.internal.DefaultFileLockManager] Lock acquired on daemon addresses registry.
2025-10-13T00:07:26.060+0200 [DEBUG] [org.gradle.cache.internal.DefaultFileLockManager] Releasing lock on daemon addresses registry.
2025-10-13T00:07:28.717+0200 [DEBUG] [org.gradle.process.internal.health.memory.DefaultMemoryManager] 848118169 physical memory requested, 503078912 free
2025-10-13T00:07:28.717+0200 [DEBUG] [org.gradle.workers.internal.WorkerDaemonExpiration] Will attempt to release 808 of memory
2025-10-13T00:07:28.717+0200 [DEBUG] [org.gradle.process.internal.health.memory.DefaultMemoryManager] 848118169 physical memory requested, 0 released, 503078912 free
2025-10-13T00:07:33.717+0200 [DEBUG] [org.gradle.process.internal.health.memory.DefaultMemoryManager] 848118169 physical memory requested, 500518912 free
2025-10-13T00:07:33.717+0200 [DEBUG] [org.gradle.workers.internal.WorkerDaemonExpiration] Will attempt to release 808 of memory
2025-10-13T00:07:33.717+0200 [DEBUG] [org.gradle.process.internal.health.memory.DefaultMemoryManager] 848118169 physical memory requested, 0 released, 500518912 free
2025-10-13T00:07:36.055+0200 [DEBUG] [org.gradle.cache.internal.DefaultFileLockManager] Waiting to acquire shared lock on daemon addresses registry.
2025-10-13T00:07:36.055+0200 [DEBUG] [org.gradle.cache.internal.DefaultFileLockManager] Lock acquired on daemon addresses registry.
2025-10-13T00:07:36.055+0200 [DEBUG] [org.gradle.cache.internal.DefaultFileLockManager] Releasing lock on daemon addresses registry.
2025-10-13T00:07:36.056+0200 [DEBUG] [org.gradle.cache.internal.DefaultFileLockManager] Waiting to acquire shared lock on daemon addresses registry.
2025-10-13T00:07:36.056+0200 [DEBUG] [org.gradle.cache.internal.DefaultFileLockManager] Lock acquired on daemon addresses registry.
2025-10-13T00:07:36.056+0200 [DEBUG] [org.gradle.cache.internal.DefaultFileLockManager] Releasing lock on daemon addresses registry.
2025-10-13T00:07:36.057+0200 [DEBUG] [org.gradle.cache.internal.DefaultFileLockManager] Waiting to acquire shared lock on daemon addresses registry.
2025-10-13T00:07:36.057+0200 [DEBUG] [org.gradle.cache.internal.DefaultFileLockManager] Lock acquired on daemon addresses registry.
2025-10-13T00:07:36.058+0200 [DEBUG] [org.gradle.cache.internal.DefaultFileLockManager] Releasing lock on daemon addresses registry.
2025-10-13T00:07:38.716+0200 [DEBUG] [org.gradle.process.internal.health.memory.DefaultMemoryManager] 848118169 physical memory requested, 499994624 free
2025-10-13T00:07:38.716+0200 [DEBUG] [org.gradle.workers.internal.WorkerDaemonExpiration] Will attempt to release 808 of memory
2025-10-13T00:07:38.716+0200 [DEBUG] [org.gradle.process.internal.health.memory.DefaultMemoryManager] 848118169 physical memory requested, 0 released, 499994624 free
2025-10-13T00:07:43.719+0200 [DEBUG] [org.gradle.process.internal.health.memory.DefaultMemoryManager] 848118169 physical memory requested, 467099648 free
2025-10-13T00:07:43.719+0200 [DEBUG] [org.gradle.workers.internal.WorkerDaemonExpiration] Will attempt to release 808 of memory
2025-10-13T00:07:43.719+0200 [DEBUG] [org.gradle.process.internal.health.memory.DefaultMemoryManager] 848118169 physical memory requested, 0 released, 467099648 free
2025-10-13T00:07:46.055+0200 [DEBUG] [org.gradle.cache.internal.DefaultFileLockManager] Waiting to acquire shared lock on daemon addresses registry.
2025-10-13T00:07:46.055+0200 [DEBUG] [org.gradle.cache.internal.DefaultFileLockManager] Lock acquired on daemon addresses registry.
2025-10-13T00:07:46.055+0200 [DEBUG] [org.gradle.cache.internal.DefaultFileLockManager] Releasing lock on daemon addresses registry.
2025-10-13T00:07:46.056+0200 [DEBUG] [org.gradle.cache.internal.DefaultFileLockManager] Waiting to acquire shared lock on daemon addresses registry.
2025-10-13T00:07:46.057+0200 [DEBUG] [org.gradle.cache.internal.DefaultFileLockManager] Lock acquired on daemon addresses registry.
2025-10-13T00:07:46.057+0200 [DEBUG] [org.gradle.cache.internal.DefaultFileLockManager] Releasing lock on daemon addresses registry.
2025-10-13T00:07:46.057+0200 [DEBUG] [org.gradle.cache.internal.DefaultFileLockManager] Waiting to acquire shared lock on daemon addresses registry.
2025-10-13T00:07:46.058+0200 [DEBUG] [org.gradle.cache.internal.DefaultFileLockManager] Lock acquired on daemon addresses registry.
2025-10-13T00:07:46.058+0200 [DEBUG] [org.gradle.cache.internal.DefaultFileLockManager] Releasing lock on daemon addresses registry.
2025-10-13T00:07:48.716+0200 [DEBUG] [org.gradle.process.internal.health.memory.DefaultMemoryManager] 848118169 physical memory requested, 443506688 free
2025-10-13T00:07:48.717+0200 [DEBUG] [org.gradle.workers.internal.WorkerDaemonExpiration] Will attempt to release 808 of memory
2025-10-13T00:07:48.717+0200 [DEBUG] [org.gradle.process.internal.health.memory.DefaultMemoryManager] 848118169 physical memory requested, 0 released, 443506688 free
